host_timestamp_iso,host_time_monotonic_s,frame_idx,raw_serial_line,sensor_data_received,serial_time_us,raw_mag_x_uT,raw_mag_y_uT,raw_mag_z_uT,raw_acc_x,raw_acc_y,raw_acc_z,raw_gyr_x,raw_gyr_y,raw_gyr_z,sensor_table_x_m,sensor_table_y_m,sensor_table_z_m,mag_table_x_uT,mag_table_y_uT,mag_table_z_uT,table_visible,board88_visible
2026-07-09T16:18:41.182,9764.812,0,,0,nan,nan,nan,nan,nan,nan,nan,nan,nan,nan,nan,nan,nan,nan,nan,nan,1,1
2026-07-09T16:18:41.308,9764.937,1,,0,nan,nan,nan,nan,nan,nan,nan,nan,nan,nan,nan,nan,nan,nan,nan,nan,1,1
2026-07-09T16:18:41.384,9765.015,2,,0,nan,nan,nan,nan,nan,nan,nan,nan,nan,nan,nan,nan,nan,nan,nan,nan,1,1
2026-07-09T16:18:41.449,9765.078,3,,0,nan,nan,nan,nan,nan,nan,nan,nan,nan,nan,nan,nan,nan,nan,nan,nan,1,1
2026-07-09T16:18:41.501,9765.125,4,,0,nan,nan,nan,nan,nan,nan,nan,nan,nan,nan,nan,nan,nan,nan,nan,nan,1,1
2026-07-09T16:18:41.549,9765.171,5,,0,nan,nan,nan,nan,nan,nan,nan,nan,nan,nan,nan,nan,nan,nan,nan,nan,1,1
2026-07-09T16:18:41.595,9765.218,6,,0,nan,nan,nan,nan,nan,nan,nan,nan,nan,nan,nan,nan,nan,nan,nan,nan,1,1
2026-07-09T16:18:41.645,9765.281,7,,0,nan,nan,nan,nan,nan,nan,nan,nan,nan,nan,nan,nan,nan,nan,nan,nan,1,1
2026-07-09T16:18:41.691,9765.328,8,,0,nan,nan,nan,nan,nan,nan,nan,nan,nan,nan,nan,nan,nan,nan,nan,nan,1,1
2026-07-09T16:18:41.736,9765.359,9,,0,nan,nan,nan,nan,nan,nan,nan,nan,nan,nan,nan,nan,nan,nan,nan,nan,1,1
2026-07-09T16:18:41.775,9765.406,10,,0,nan,nan,nan,nan,nan,nan,nan,nan,nan,nan,nan,nan,nan,nan,nan,nan,1,1
2026-07-09T16:18:41.816,9765.453,11,,0,nan,nan,nan,nan,nan,nan,nan,nan,nan,nan,nan,nan,nan,nan,nan,nan,1,1
2026-07-09T16:18:41.860,9765.484,12,,0,nan,nan,nan,nan,nan,nan,nan,nan,nan,nan,nan,nan,nan,nan,nan,nan,1,1
2026-07-09T16:18:41.914,9765.546,13,,0,nan,nan,nan,nan,nan,nan,nan,nan,nan,nan,nan,nan,nan,nan,nan,nan,1,1
2026-07-09T16:18:41.961,9765.593,14,,0,nan,nan,nan,nan,nan,nan,nan,nan,nan,nan,nan,nan,nan,nan,nan,nan,1,1
2026-07-09T16:18:42.006,9765.64,15,,0,nan,nan,nan,nan,nan,nan,nan,nan,nan,nan,nan,nan,nan,nan,nan,nan,1,1
2026-07-09T16:18:42.054,9765.687,16,,0,nan,nan,nan,nan,nan,nan,nan,nan,nan,nan,nan,nan,nan,nan,nan,nan,1,1
2026-07-09T16:18:42.099,9765.734,17,,0,nan,nan,nan,nan,nan,nan,nan,nan,nan,nan,nan,nan,nan,nan,nan,nan,1,1
2026-07-09T16:18:42.141,9765.765,18,,0,nan,nan,nan,nan,nan,nan,nan,nan,nan,nan,nan,nan,nan,nan,nan,nan,1,1
2026-07-09T16:18:42.188,9765.812,19,,0,nan,nan,nan,nan,nan,nan,nan,nan,nan,nan,nan,nan,nan,nan,nan,nan,1,1
2026-07-09T16:18:42.236,9765.859,20,,0,nan,nan,nan,nan,nan,nan,nan,nan,nan,nan,nan,nan,nan,nan,nan,nan,1,1
2026-07-09T16:18:42.282,9765.906,21,,0,nan,nan,nan,nan,nan,nan,nan,nan,nan,nan,nan,nan,nan,nan,nan,nan,1,1
2026-07-09T16:18:42.324,9765.953,22,,0,nan,nan,nan,nan,nan,nan,nan,nan,nan,nan,nan,nan,nan,nan,nan,nan,1,1
2026-07-09T16:18:42.377,9766.0,23,,0,nan,nan,nan,nan,nan,nan,nan,nan,nan,nan,nan,nan,nan,nan,nan,nan,1,1
2026-07-09T16:18:42.438,9766.062,24,,0,nan,nan,nan,nan,nan,nan,nan,nan,nan,nan,nan,nan,nan,nan,nan,nan,1,1
2026-07-09T16:18:42.487,9766.109,25,,0,nan,nan,nan,nan,nan,nan,nan,nan,nan,nan,nan,nan,nan,nan,nan,nan,1,1
2026-07-09T16:18:42.543,9766.171,26,,0,nan,nan,nan,nan,nan,nan,nan,nan,nan,nan,nan,nan,nan,nan,nan,nan,1,1
2026-07-09T16:18:42.583,9766.218,27,,0,nan,nan,nan,nan,nan,nan,nan,nan,nan,nan,nan,nan,nan,nan,nan,nan,1,1
2026-07-09T16:18:42.634,9766.265,28,,0,nan,nan,nan,nan,nan,nan,nan,nan,nan,nan,nan,nan,nan,nan,nan,nan,1,1
2026-07-09T16:18:42.675,9766.312,29,,0,nan,nan,nan,nan,nan,nan,nan,nan,nan,nan,nan,nan,nan,nan,nan,nan,1,1
2026-07-09T16:18:42.721,9766.343,30,,0,nan,nan,nan,nan,nan,nan,nan,nan,nan,nan,nan,nan,nan,nan,nan,nan,1,1
2026-07-09T16:18:42.761,9766.39,31,,0,nan,nan,nan,nan,nan,nan,nan,nan,nan,nan,nan,nan,nan,nan,nan,nan,1,1
2026-07-09T16:18:42.800,9766.437,32,,0,nan,nan,nan,nan,nan,nan,nan,nan,nan,nan,nan,nan,nan,nan,nan,nan,1,1
2026-07-09T16:18:42.842,9766.468,33,,0,nan,nan,nan,nan,nan,nan,nan,nan,nan,nan,nan,nan,nan,nan,nan,nan,1,1
2026-07-09T16:18:42.888,9766.515,34,,0,nan,nan,nan,nan,nan,nan,nan,nan,nan,nan,nan,nan,nan,nan,nan,nan,1,1
2026-07-09T16:18:42.929,9766.562,35,,0,nan,nan,nan,nan,nan,nan,nan,nan,nan,nan,nan,nan,nan,nan,nan,nan,1,1
2026-07-09T16:18:42.975,9766.609,36,,0,nan,nan,nan,nan,nan,nan,nan,nan,nan,nan,nan,nan,nan,nan,nan,nan,1,1
2026-07-09T16:18:43.016,9766.64,37,,0,nan,nan,nan,nan,nan,nan,nan,nan,nan,nan,nan,nan,nan,nan,nan,nan,1,1
2026-07-09T16:18:43.053,9766.687,38,,0,nan,nan,nan,nan,nan,nan,nan,nan,nan,nan,nan,nan,nan,nan,nan,nan,1,1
2026-07-09T16:18:43.098,9766.734,39,,0,nan,nan,nan,nan,nan,nan,nan,nan,nan,nan,nan,nan,nan,nan,nan,nan,1,1
2026-07-09T16:18:43.139,9766.765,40,,0,nan,nan,nan,nan,nan,nan,nan,nan,nan,nan,nan,nan,nan,nan,nan,nan,1,1
2026-07-09T16:18:43.203,9766.828,41,,0,nan,nan,nan,nan,nan,nan,nan,nan,nan,nan,nan,nan,nan,nan,nan,nan,1,1
2026-07-09T16:18:43.243,9766.875,42,,0,nan,nan,nan,nan,nan,nan,nan,nan,nan,nan,nan,nan,nan,nan,nan,nan,1,1
2026-07-09T16:18:43.285,9766.921,43,,0,nan,nan,nan,nan,nan,nan,nan,nan,nan,nan,nan,nan,nan,nan,nan,nan,1,1
2026-07-09T16:18:43.324,9766.953,44,,0,nan,nan,nan,nan,nan,nan,nan,nan,nan,nan,nan,nan,nan,nan,nan,nan,1,1
2026-07-09T16:18:43.365,9767.0,45,,0,nan,nan,nan,nan,nan,nan,nan,nan,nan,nan,nan,nan,nan,nan,nan,nan,1,1
2026-07-09T16:18:43.415,9767.046,46,,0,nan,nan,nan,nan,nan,nan,nan,nan,nan,nan,nan,nan,nan,nan,nan,nan,1,1
2026-07-09T16:18:43.454,9767.078,47,,0,nan,nan,nan,nan,nan,nan,nan,nan,nan,nan,nan,nan,nan,nan,nan,nan,1,1
2026-07-09T16:18:43.503,9767.14,48,,0,nan,nan,nan,nan,nan,nan,nan,nan,nan,nan,nan,nan,nan,nan,nan,nan,1,1
2026-07-09T16:18:43.562,9767.187,49,,0,nan,nan,nan,nan,nan,nan,nan,nan,nan,nan,nan,nan,nan,nan,nan,nan,1,1
2026-07-09T16:18:43.633,9767.265,50,,0,nan,nan,nan,nan,nan,nan,nan,nan,nan,nan,nan,nan,nan,nan,nan,nan,1,1
2026-07-09T16:18:43.677,9767.312,51,,0,nan,nan,nan,nan,nan,nan,nan,nan,nan,nan,nan,nan,nan,nan,nan,nan,1,1
2026-07-09T16:18:43.712,9767.343,52,,0,nan,nan,nan,nan,nan,nan,nan,nan,nan,nan,nan,nan,nan,nan,nan,nan,1,1
2026-07-09T16:18:43.754,9767.39,53,,0,nan,nan,nan,nan,nan,nan,nan,nan,nan,nan,nan,nan,nan,nan,nan,nan,1,1
2026-07-09T16:18:43.786,9767.421,54,,0,nan,nan,nan,nan,nan,nan,nan,nan,nan,nan,nan,nan,nan,nan,nan,nan,1,1
2026-07-09T16:18:43.833,9767.468,55,,0,nan,nan,nan,nan,nan,nan,nan,nan,nan,nan,nan,nan,nan,nan,nan,nan,1,1
2026-07-09T16:18:43.879,9767.515,56,,0,nan,nan,nan,nan,nan,nan,nan,nan,nan,nan,nan,nan,nan,nan,nan,nan,1,1
2026-07-09T16:18:43.925,9767.562,57,,0,nan,nan,nan,nan,nan,nan,nan,nan,nan,nan,nan,nan,nan,nan,nan,nan,1,1
2026-07-09T16:18:43.991,9767.625,58,,0,nan,nan,nan,nan,nan,nan,nan,nan,nan,nan,nan,nan,nan,nan,nan,nan,1,1
2026-07-09T16:18:44.025,9767.656,59,,0,nan,nan,nan,nan,nan,nan,nan,nan,nan,nan,nan,nan,nan,nan,nan,nan,1,1
2026-07-09T16:18:44.084,9767.718,60,,0,nan,nan,nan,nan,nan,nan,nan,nan,nan,nan,nan,nan,nan,nan,nan,nan,1,1
2026-07-09T16:18:44.124,9767.75,61,,0,nan,nan,nan,nan,nan,nan,nan,nan,nan,nan,nan,nan,nan,nan,nan,nan,1,1
2026-07-09T16:18:44.165,9767.796,62,,0,nan,nan,nan,nan,nan,nan,nan,nan,nan,nan,nan,nan,nan,nan,nan,nan,1,1
2026-07-09T16:18:44.204,9767.828,63,,0,nan,nan,nan,nan,nan,nan,nan,nan,nan,nan,nan,nan,nan,nan,nan,nan,1,1
2026-07-09T16:18:44.250,9767.875,64,,0,nan,nan,nan,nan,nan,nan,nan,nan,nan,nan,nan,nan,nan,nan,nan,nan,1,1
2026-07-09T16:18:44.282,9767.906,65,,0,nan,nan,nan,nan,nan,nan,nan,nan,nan,nan,nan,nan,nan,nan,nan,nan,1,1
2026-07-09T16:18:44.348,9767.984,66,,0,nan,nan,nan,nan,nan,nan,nan,nan,nan,nan,nan,nan,nan,nan,nan,nan,1,1
2026-07-09T16:18:44.390,9768.015,67,,0,nan,nan,nan,nan,nan,nan,nan,nan,nan,nan,nan,nan,nan,nan,nan,nan,1,1
2026-07-09T16:18:44.429,9768.062,68,,0,nan,nan,nan,nan,nan,nan,nan,nan,nan,nan,nan,nan,nan,nan,nan,nan,1,1
2026-07-09T16:18:44.487,9768.109,69,,0,nan,nan,nan,nan,nan,nan,nan,nan,nan,nan,nan,nan,nan,nan,nan,nan,1,1
2026-07-09T16:18:44.543,9768.171,70,,0,nan,nan,nan,nan,nan,nan,nan,nan,nan,nan,nan,nan,nan,nan,nan,nan,1,1
2026-07-09T16:18:44.588,9768.218,71,,0,nan,nan,nan,nan,nan,nan,nan,nan,nan,nan,nan,nan,nan,nan,nan,nan,1,1
2026-07-09T16:18:44.650,9768.281,72,,0,nan,nan,nan,nan,nan,nan,nan,nan,nan,nan,nan,nan,nan,nan,nan,nan,1,1
2026-07-09T16:18:44.701,9768.328,73,,0,nan,nan,nan,nan,nan,nan,nan,nan,nan,nan,nan,nan,nan,nan,nan,nan,1,1
2026-07-09T16:18:44.763,9768.39,74,,0,nan,nan,nan,nan,nan,nan,nan,nan,nan,nan,nan,nan,nan,nan,nan,nan,1,1
2026-07-09T16:18:44.814,9768.437,75,,0,nan,nan,nan,nan,nan,nan,nan,nan,nan,nan,nan,nan,nan,nan,nan,nan,1,1
2026-07-09T16:18:44.847,9768.484,76,,0,nan,nan,nan,nan,nan,nan,nan,nan,nan,nan,nan,nan,nan,nan,nan,nan,1,1
2026-07-09T16:18:44.890,9768.515,77,,0,nan,nan,nan,nan,nan,nan,nan,nan,nan,nan,nan,nan,nan,nan,nan,nan,1,1
2026-07-09T16:18:44.937,9768.562,78,,0,nan,nan,nan,nan,nan,nan,nan,nan,nan,nan,nan,nan,nan,nan,nan,nan,1,1
2026-07-09T16:18:44.976,9768.609,79,,0,nan,nan,nan,nan,nan,nan,nan,nan,nan,nan,nan,nan,nan,nan,nan,nan,1,1
2026-07-09T16:18:45.017,9768.64,80,,0,nan,nan,nan,nan,nan,nan,nan,nan,nan,nan,nan,nan,nan,nan,nan,nan,1,1
2026-07-09T16:18:45.063,9768.687,81,,0,nan,nan,nan,nan,nan,nan,nan,nan,nan,nan,nan,nan,nan,nan,nan,nan,1,1
2026-07-09T16:18:45.104,9768.734,82,,0,nan,nan,nan,nan,nan,nan,nan,nan,nan,nan,nan,nan,nan,nan,nan,nan,1,1
2026-07-09T16:18:45.148,9768.781,83,,0,nan,nan,nan,nan,nan,nan,nan,nan,nan,nan,nan,nan,nan,nan,nan,nan,1,1
2026-07-09T16:18:45.187,9768.812,84,,0,nan,nan,nan,nan,nan,nan,nan,nan,nan,nan,nan,nan,nan,nan,nan,nan,1,1
2026-07-09T16:18:45.227,9768.859,85,,0,nan,nan,nan,nan,nan,nan,nan,nan,nan,nan,nan,nan,nan,nan,nan,nan,1,1
2026-07-09T16:18:45.277,9768.906,86,,0,nan,nan,nan,nan,nan,nan,nan,nan,nan,nan,nan,nan,nan,nan,nan,nan,1,1
2026-07-09T16:18:45.309,9768.937,87,,0,nan,nan,nan,nan,nan,nan,nan,nan,nan,nan,nan,nan,nan,nan,nan,nan,1,1
2026-07-09T16:18:45.366,9769.0,88,,0,nan,nan,nan,nan,nan,nan,nan,nan,nan,nan,nan,nan,nan,nan,nan,nan,1,1
2026-07-09T16:18:45.429,9769.062,89,,0,nan,nan,nan,nan,nan,nan,nan,nan,nan,nan,nan,nan,nan,nan,nan,nan,1,1
2026-07-09T16:18:45.477,9769.109,90,,0,nan,nan,nan,nan,nan,nan,nan,nan,nan,nan,nan,nan,nan,nan,nan,nan,1,1
2026-07-09T16:18:45.523,9769.156,91,,0,nan,nan,nan,nan,nan,nan,nan,nan,nan,nan,nan,nan,nan,nan,nan,nan,1,1
2026-07-09T16:18:45.570,9769.203,92,,0,nan,nan,nan,nan,nan,nan,nan,nan,nan,nan,nan,nan,nan,nan,nan,nan,1,1
2026-07-09T16:18:45.619,9769.25,93,,0,nan,nan,nan,nan,nan,nan,nan,nan,nan,nan,nan,nan,nan,nan,nan,nan,1,1
2026-07-09T16:18:45.664,9769.296,94,,0,nan,nan,nan,nan,nan,nan,nan,nan,nan,nan,nan,nan,nan,nan,nan,nan,1,1
2026-07-09T16:18:45.709,9769.343,95,,0,nan,nan,nan,nan,nan,nan,nan,nan,nan,nan,nan,nan,nan,nan,nan,nan,1,1
2026-07-09T16:18:45.750,9769.375,96,,0,nan,nan,nan,nan,nan,nan,nan,nan,nan,nan,nan,nan,nan,nan,nan,nan,1,1
2026-07-09T16:18:45.787,9769.421,97,,0,nan,nan,nan,nan,nan,nan,nan,nan,nan,nan,nan,nan,nan,nan,nan,nan,1,1
2026-07-09T16:18:45.824,9769.453,98,,0,nan,nan,nan,nan,nan,nan,nan,nan,nan,nan,nan,nan,nan,nan,nan,nan,1,1
2026-07-09T16:18:45.871,9769.5,99,,0,nan,nan,nan,nan,nan,nan,nan,nan,nan,nan,nan,nan,nan,nan,nan,nan,1,1
2026-07-09T16:18:45.912,9769.546,100,,0,nan,nan,nan,nan,nan,nan,nan,nan,nan,nan,nan,nan,nan,nan,nan,nan,1,1
2026-07-09T16:18:45.960,9769.593,101,,0,nan,nan,nan,nan,nan,nan,nan,nan,nan,nan,nan,nan,nan,nan,nan,nan,1,1
2026-07-09T16:18:45.998,9769.625,102,,0,nan,nan,nan,nan,nan,nan,nan,nan,nan,nan,nan,nan,nan,nan,nan,nan,1,1
2026-07-09T16:18:46.039,9769.671,103,,0,nan,nan,nan,nan,nan,nan,nan,nan,nan,nan,nan,nan,nan,nan,nan,nan,1,1
2026-07-09T16:18:46.076,9769.703,104,,0,nan,nan,nan,nan,nan,nan,nan,nan,nan,nan,nan,nan,nan,nan,nan,nan,1,1
2026-07-09T16:18:46.120,9769.75,105,,0,nan,nan,nan,nan,nan,nan,nan,nan,nan,nan,nan,nan,nan,nan,nan,nan,1,1
2026-07-09T16:18:46.156,9769.781,106,,0,nan,nan,nan,nan,nan,nan,nan,nan,nan,nan,nan,nan,nan,nan,nan,nan,1,1
2026-07-09T16:18:46.213,9769.843,107,,0,nan,nan,nan,nan,nan,nan,nan,nan,nan,nan,nan,nan,nan,nan,nan,nan,1,1
2026-07-09T16:18:46.250,9769.875,108,,0,nan,nan,nan,nan,nan,nan,nan,nan,nan,nan,nan,nan,nan,nan,nan,nan,1,1
2026-07-09T16:18:46.287,9769.921,109,,0,nan,nan,nan,nan,nan,nan,nan,nan,nan,nan,nan,nan,nan,nan,nan,nan,1,1
2026-07-09T16:18:46.344,9769.968,110,,0,nan,nan,nan,nan,nan,nan,nan,nan,nan,nan,nan,nan,nan,nan,nan,nan,1,1
2026-07-09T16:18:46.383,9770.015,111,,0,nan,nan,nan,nan,nan,nan,nan,nan,nan,nan,nan,nan,nan,nan,nan,nan,1,1
2026-07-09T16:18:46.424,9770.046,112,,0,nan,nan,nan,nan,nan,nan,nan,nan,nan,nan,nan,nan,nan,nan,nan,nan,1,1
2026-07-09T16:18:46.469,9770.093,113,,0,nan,nan,nan,nan,nan,nan,nan,nan,nan,nan,nan,nan,nan,nan,nan,nan,1,1
2026-07-09T16:18:46.505,9770.14,114,,0,nan,nan,nan,nan,nan,nan,nan,nan,nan,nan,nan,nan,nan,nan,nan,nan,1,1
2026-07-09T16:18:46.540,9770.171,115,,0,nan,nan,nan,nan,nan,nan,nan,nan,nan,nan,nan,nan,nan,nan,nan,nan,1,1
2026-07-09T16:18:46.589,9770.218,116,,0,nan,nan,nan,nan,nan,nan,nan,nan,nan,nan,nan,nan,nan,nan,nan,nan,1,1
2026-07-09T16:18:46.626,9770.25,117,,0,nan,nan,nan,nan,nan,nan,nan,nan,nan,nan,nan,nan,nan,nan,nan,nan,1,1
2026-07-09T16:18:46.668,9770.296,118,,0,nan,nan,nan,nan,nan,nan,nan,nan,nan,nan,nan,nan,nan,nan,nan,nan,1,1
2026-07-09T16:18:46.712,9770.343,119,,0,nan,nan,nan,nan,nan,nan,nan,nan,nan,nan,nan,nan,nan,nan,nan,nan,1,1
2026-07-09T16:18:46.753,9770.375,120,,0,nan,nan,nan,nan,nan,nan,nan,nan,nan,nan,nan,nan,nan,nan,nan,nan,1,1
2026-07-09T16:18:46.793,9770.421,121,,0,nan,nan,nan,nan,nan,nan,nan,nan,nan,nan,nan,nan,nan,nan,nan,nan,1,1
2026-07-09T16:18:46.828,9770.453,122,,0,nan,nan,nan,nan,nan,nan,nan,nan,nan,nan,nan,nan,nan,nan,nan,nan,1,1
2026-07-09T16:18:46.877,9770.5,123,,0,nan,nan,nan,nan,nan,nan,nan,nan,nan,nan,nan,nan,nan,nan,nan,nan,1,1
2026-07-09T16:18:46.916,9770.546,124,,0,nan,nan,nan,nan,nan,nan,nan,nan,nan,nan,nan,nan,nan,nan,nan,nan,1,1
2026-07-09T16:18:46.960,9770.593,125,,0,nan,nan,nan,nan,nan,nan,nan,nan,nan,nan,nan,nan,nan,nan,nan,nan,1,1
2026-07-09T16:18:47.001,9770.625,126,,0,nan,nan,nan,nan,nan,nan,nan,nan,nan,nan,nan,nan,nan,nan,nan,nan,1,1
2026-07-09T16:18:47.047,9770.671,127,,0,nan,nan,nan,nan,nan,nan,nan,nan,nan,nan,nan,nan,nan,nan,nan,nan,1,1
2026-07-09T16:18:47.091,9770.718,128,,0,nan,nan,nan,nan,nan,nan,nan,nan,nan,nan,nan,nan,nan,nan,nan,nan,1,1
2026-07-09T16:18:47.128,9770.765,129,,0,nan,nan,nan,nan,nan,nan,nan,nan,nan,nan,nan,nan,nan,nan,nan,nan,1,1
2026-07-09T16:18:47.193,9770.828,130,,0,nan,nan,nan,nan,nan,nan,nan,nan,nan,nan,nan,nan,nan,nan,nan,nan,1,1
2026-07-09T16:18:47.226,9770.859,131,,0,nan,nan,nan,nan,nan,nan,nan,nan,nan,nan,nan,nan,nan,nan,nan,nan,1,1
2026-07-09T16:18:47.264,9770.89,132,,0,nan,nan,nan,nan,nan,nan,nan,nan,nan,nan,nan,nan,nan,nan,nan,nan,1,1
2026-07-09T16:18:47.333,9770.968,133,,0,nan,nan,nan,nan,nan,nan,nan,nan,nan,nan,nan,nan,nan,nan,nan,nan,1,1
2026-07-09T16:18:47.393,9771.015,134,,0,nan,nan,nan,nan,nan,nan,nan,nan,nan,nan,nan,nan,nan,nan,nan,nan,1,1
2026-07-09T16:18:47.433,9771.062,135,,0,nan,nan,nan,nan,nan,nan,nan,nan,nan,nan,nan,nan,nan,nan,nan,nan,1,1
2026-07-09T16:18:47.477,9771.109,136,,0,nan,nan,nan,nan,nan,nan,nan,nan,nan,nan,nan,nan,nan,nan,nan,nan,1,1
2026-07-09T16:18:47.515,9771.14,137,,0,nan,nan,nan,nan,nan,nan,nan,nan,nan,nan,nan,nan,nan,nan,nan,nan,1,1
2026-07-09T16:18:47.559,9771.187,138,,0,nan,nan,nan,nan,nan,nan,nan,nan,nan,nan,nan,nan,nan,nan,nan,nan,1,1
2026-07-09T16:18:47.609,9771.234,139,,0,nan,nan,nan,nan,nan,nan,nan,nan,nan,nan,nan,nan,nan,nan,nan,nan,1,1
2026-07-09T16:18:47.663,9771.296,140,,0,nan,nan,nan,nan,nan,nan,nan,nan,nan,nan,nan,nan,nan,nan,nan,nan,1,1
2026-07-09T16:18:47.696,9771.328,141,,0,nan,nan,nan,nan,nan,nan,nan,nan,nan,nan,nan,nan,nan,nan,nan,nan,1,1
2026-07-09T16:18:47.750,9771.375,142,,0,nan,nan,nan,nan,nan,nan,nan,nan,nan,nan,nan,nan,nan,nan,nan,nan,1,1
2026-07-09T16:18:47.789,9771.421,143,,0,nan,nan,nan,nan,nan,nan,nan,nan,nan,nan,nan,nan,nan,nan,nan,nan,1,1
2026-07-09T16:18:47.816,9771.453,144,,0,nan,nan,nan,nan,nan,nan,nan,nan,nan,nan,nan,nan,nan,nan,nan,nan,1,1
2026-07-09T16:18:47.851,9771.484,145,,0,nan,nan,nan,nan,nan,nan,nan,nan,nan,nan,nan,nan,nan,nan,nan,nan,1,1
2026-07-09T16:18:47.904,9771.531,146,,0,nan,nan,nan,nan,nan,nan,nan,nan,nan,nan,nan,nan,nan,nan,nan,nan,1,1
2026-07-09T16:18:47.943,9771.578,147,,0,nan,nan,nan,nan,nan,nan,nan,nan,nan,nan,nan,nan,nan,nan,nan,nan,1,1
2026-07-09T16:18:47.983,9771.609,148,,0,nan,nan,nan,nan,nan,nan,nan,nan,nan,nan,nan,nan,nan,nan,nan,nan,1,1
2026-07-09T16:18:48.028,9771.656,149,,0,nan,nan,nan,nan,nan,nan,nan,nan,nan,nan,nan,nan,nan,nan,nan,nan,1,1
2026-07-09T16:18:48.057,9771.687,150,,0,nan,nan,nan,nan,nan,nan,nan,nan,nan,nan,nan,nan,nan,nan,nan,nan,1,1
2026-07-09T16:18:48.110,9771.734,151,,0,nan,nan,nan,nan,nan,nan,nan,nan,nan,nan,nan,nan,nan,nan,nan,nan,1,1
2026-07-09T16:18:48.145,9771.781,152,,0,nan,nan,nan,nan,nan,nan,nan,nan,nan,nan,nan,nan,nan,nan,nan,nan,1,1
2026-07-09T16:18:48.185,9771.812,153,,0,nan,nan,nan,nan,nan,nan,nan,nan,nan,nan,nan,nan,nan,nan,nan,nan,1,1
2026-07-09T16:18:48.221,9771.843,154,,0,nan,nan,nan,nan,nan,nan,nan,nan,nan,nan,nan,nan,nan,nan,nan,nan,1,1
2026-07-09T16:18:48.264,9771.89,155,,0,nan,nan,nan,nan,nan,nan,nan,nan,nan,nan,nan,nan,nan,nan,nan,nan,1,1
2026-07-09T16:18:48.304,9771.937,156,,0,nan,nan,nan,nan,nan,nan,nan,nan,nan,nan,nan,nan,nan,nan,nan,nan,1,1
2026-07-09T16:18:48.347,9771.984,157,,0,nan,nan,nan,nan,nan,nan,nan,nan,nan,nan,nan,nan,nan,nan,nan,nan,1,1
2026-07-09T16:18:48.399,9772.031,158,,0,nan,nan,nan,nan,nan,nan,nan,nan,nan,nan,nan,nan,nan,nan,nan,nan,1,1
2026-07-09T16:18:48.462,9772.093,159,,0,nan,nan,nan,nan,nan,nan,nan,nan,nan,nan,nan,nan,nan,nan,nan,nan,1,1
2026-07-09T16:18:48.500,9772.125,160,,0,nan,nan,nan,nan,nan,nan,nan,nan,nan,nan,nan,nan,nan,nan,nan,nan,1,1
2026-07-09T16:18:48.536,9772.171,161,,0,nan,nan,nan,nan,nan,nan,nan,nan,nan,nan,nan,nan,nan,nan,nan,nan,1,1
2026-07-09T16:18:48.584,9772.218,162,,0,nan,nan,nan,nan,nan,nan,nan,nan,nan,nan,nan,nan,nan,nan,nan,nan,1,1
2026-07-09T16:18:48.633,9772.265,163,,0,nan,nan,nan,nan,nan,nan,nan,nan,nan,nan,nan,nan,nan,nan,nan,nan,1,1
2026-07-09T16:18:48.668,9772.296,164,,0,nan,nan,nan,nan,nan,nan,nan,nan,nan,nan,nan,nan,nan,nan,nan,nan,1,1
2026-07-09T16:18:48.716,9772.343,165,,0,nan,nan,nan,nan,nan,nan,nan,nan,nan,nan,nan,nan,nan,nan,nan,nan,1,1
2026-07-09T16:18:48.754,9772.39,166,,0,nan,nan,nan,nan,nan,nan,nan,nan,nan,nan,nan,nan,nan,nan,nan,nan,1,1
2026-07-09T16:18:48.797,9772.421,167,,0,nan,nan,nan,nan,nan,nan,nan,nan,nan,nan,nan,nan,nan,nan,nan,nan,1,1
2026-07-09T16:18:48.835,9772.468,168,,0,nan,nan,nan,nan,nan,nan,nan,nan,nan,nan,nan,nan,nan,nan,nan,nan,1,1
2026-07-09T16:18:48.870,9772.5,169,,0,nan,nan,nan,nan,nan,nan,nan,nan,nan,nan,nan,nan,nan,nan,nan,nan,1,1
2026-07-09T16:18:48.917,9772.546,170,,0,nan,nan,nan,nan,nan,nan,nan,nan,nan,nan,nan,nan,nan,nan,nan,nan,1,1
2026-07-09T16:18:48.958,9772.593,171,,0,nan,nan,nan,nan,nan,nan,nan,nan,nan,nan,nan,nan,nan,nan,nan,nan,1,1
2026-07-09T16:18:48.994,9772.625,172,,0,nan,nan,nan,nan,nan,nan,nan,nan,nan,nan,nan,nan,nan,nan,nan,nan,1,1
2026-07-09T16:18:49.035,9772.671,173,,0,nan,nan,nan,nan,nan,nan,nan,nan,nan,nan,nan,nan,nan,nan,nan,nan,1,1
2026-07-09T16:18:49.093,9772.718,174,,0,nan,nan,nan,nan,nan,nan,nan,nan,nan,nan,nan,nan,nan,nan,nan,nan,1,1
2026-07-09T16:18:49.129,9772.765,175,,0,nan,nan,nan,nan,nan,nan,nan,nan,nan,nan,nan,nan,nan,nan,nan,nan,1,1
2026-07-09T16:18:49.190,9772.828,176,,0,nan,nan,nan,nan,nan,nan,nan,nan,nan,nan,nan,nan,nan,nan,nan,nan,1,1
2026-07-09T16:18:49.227,9772.859,177,,0,nan,nan,nan,nan,nan,nan,nan,nan,nan,nan,nan,nan,nan,nan,nan,nan,1,1
2026-07-09T16:18:49.293,9772.921,178,,0,nan,nan,nan,nan,nan,nan,nan,nan,nan,nan,nan,nan,nan,nan,nan,nan,1,1
2026-07-09T16:18:49.337,9772.968,179,,0,nan,nan,nan,nan,nan,nan,nan,nan,nan,nan,nan,nan,nan,nan,nan,nan,1,1
2026-07-09T16:18:49.378,9773.015,180,,0,nan,nan,nan,nan,nan,nan,nan,nan,nan,nan,nan,nan,nan,nan,nan,nan,1,1
2026-07-09T16:18:49.417,9773.046,181,,0,nan,nan,nan,nan,nan,nan,nan,nan,nan,nan,nan,nan,nan,nan,nan,nan,1,1
2026-07-09T16:18:49.467,9773.093,182,,0,nan,nan,nan,nan,nan,nan,nan,nan,nan,nan,nan,nan,nan,nan,nan,nan,1,1
2026-07-09T16:18:49.498,9773.125,183,,0,nan,nan,nan,nan,nan,nan,nan,nan,nan,nan,nan,nan,nan,nan,nan,nan,1,1
2026-07-09T16:18:49.534,9773.156,184,,0,nan,nan,nan,nan,nan,nan,nan,nan,nan,nan,nan,nan,nan,nan,nan,nan,1,1
2026-07-09T16:18:49.590,9773.218,185,,0,nan,nan,nan,nan,nan,nan,nan,nan,nan,nan,nan,nan,nan,nan,nan,nan,1,1
2026-07-09T16:18:49.630,9773.265,186,,0,nan,nan,nan,nan,nan,nan,nan,nan,nan,nan,nan,nan,nan,nan,nan,nan,1,1
2026-07-09T16:18:49.684,9773.312,187,,0,nan,nan,nan,nan,nan,nan,nan,nan,nan,nan,nan,nan,nan,nan,nan,nan,1,1
2026-07-09T16:18:49.722,9773.359,188,,0,nan,nan,nan,nan,nan,nan,nan,nan,nan,nan,nan,nan,nan,nan,nan,nan,1,1
2026-07-09T16:18:49.758,9773.39,189,,0,nan,nan,nan,nan,nan,nan,nan,nan,nan,nan,nan,nan,nan,nan,nan,nan,1,1
2026-07-09T16:18:49.799,9773.421,190,,0,nan,nan,nan,nan,nan,nan,nan,nan,nan,nan,nan,nan,nan,nan,nan,nan,1,1
2026-07-09T16:18:49.834,9773.468,191,,0,nan,nan,nan,nan,nan,nan,nan,nan,nan,nan,nan,nan,nan,nan,nan,nan,1,1
2026-07-09T16:18:49.883,9773.515,192,,0,nan,nan,nan,nan,nan,nan,nan,nan,nan,nan,nan,nan,nan,nan,nan,nan,1,1
2026-07-09T16:18:49.914,9773.546,193,,0,nan,nan,nan,nan,nan,nan,nan,nan,nan,nan,nan,nan,nan,nan,nan,nan,1,1
2026-07-09T16:18:49.975,9773.609,194,,0,nan,nan,nan,nan,nan,nan,nan,nan,nan,nan,nan,nan,nan,nan,nan,nan,1,1
2026-07-09T16:18:50.022,9773.656,195,,0,nan,nan,nan,nan,nan,nan,nan,nan,nan,nan,nan,nan,nan,nan,nan,nan,1,1
2026-07-09T16:18:50.068,9773.703,196,,0,nan,nan,nan,nan,nan,nan,nan,nan,nan,nan,nan,nan,nan,nan,nan,nan,1,1
2026-07-09T16:18:50.109,9773.734,197,,0,nan,nan,nan,nan,nan,nan,nan,nan,nan,nan,nan,nan,nan,nan,nan,nan,1,1
2026-07-09T16:18:50.149,9773.781,198,,0,nan,nan,nan,nan,nan,nan,nan,nan,nan,nan,nan,nan,nan,nan,nan,nan,1,1
2026-07-09T16:18:50.189,9773.812,199,,0,nan,nan,nan,nan,nan,nan,nan,nan,nan,nan,nan,nan,nan,nan,nan,nan,1,1
2026-07-09T16:18:50.230,9773.859,200,,0,nan,nan,nan,nan,nan,nan,nan,nan,nan,nan,nan,nan,nan,nan,nan,nan,1,1
2026-07-09T16:18:50.266,9773.89,201,,0,nan,nan,nan,nan,nan,nan,nan,nan,nan,nan,nan,nan,nan,nan,nan,nan,1,1
2026-07-09T16:18:50.297,9773.921,202,,0,nan,nan,nan,nan,nan,nan,nan,nan,nan,nan,nan,nan,nan,nan,nan,nan,1,1
2026-07-09T16:18:50.345,9773.968,203,,0,nan,nan,nan,nan,nan,nan,nan,nan,nan,nan,nan,nan,nan,nan,nan,nan,1,1
2026-07-09T16:18:50.387,9774.015,204,,0,nan,nan,nan,nan,nan,nan,nan,nan,nan,nan,nan,nan,nan,nan,nan,nan,1,1
2026-07-09T16:18:50.426,9774.062,205,,0,nan,nan,nan,nan,nan,nan,nan,nan,nan,nan,nan,nan,nan,nan,nan,nan,1,1
2026-07-09T16:18:50.458,9774.093,206,,0,nan,nan,nan,nan,nan,nan,nan,nan,nan,nan,nan,nan,nan,nan,nan,nan,1,1
2026-07-09T16:18:50.503,9774.125,207,,0,nan,nan,nan,nan,nan,nan,nan,nan,nan,nan,nan,nan,nan,nan,nan,nan,1,1
2026-07-09T16:18:50.554,9774.187,208,,0,nan,nan,nan,nan,nan,nan,nan,nan,nan,nan,nan,nan,nan,nan,nan,nan,1,1
2026-07-09T16:18:50.590,9774.218,209,,0,nan,nan,nan,nan,nan,nan,nan,nan,nan,nan,nan,nan,nan,nan,nan,nan,1,1
2026-07-09T16:18:50.630,9774.265,210,,0,nan,nan,nan,nan,nan,nan,nan,nan,nan,nan,nan,nan,nan,nan,nan,nan,1,1
2026-07-09T16:18:50.665,9774.296,211,,0,nan,nan,nan,nan,nan,nan,nan,nan,nan,nan,nan,nan,nan,nan,nan,nan,1,1
2026-07-09T16:18:50.698,9774.328,212,,0,nan,nan,nan,nan,nan,nan,nan,nan,nan,nan,nan,nan,nan,nan,nan,nan,1,1
2026-07-09T16:18:50.732,9774.359,213,,0,nan,nan,nan,nan,nan,nan,nan,nan,nan,nan,nan,nan,nan,nan,nan,nan,1,1
2026-07-09T16:18:50.790,9774.421,214,,0,nan,nan,nan,nan,nan,nan,nan,nan,nan,nan,nan,nan,nan,nan,nan,nan,1,1
2026-07-09T16:18:50.825,9774.453,215,,0,nan,nan,nan,nan,nan,nan,nan,nan,nan,nan,nan,nan,nan,nan,nan,nan,1,1
2026-07-09T16:18:50.874,9774.5,216,,0,nan,nan,nan,nan,nan,nan,nan,nan,nan,nan,nan,nan,nan,nan,nan,nan,1,1
2026-07-09T16:18:50.910,9774.546,217,,0,nan,nan,nan,nan,nan,nan,nan,nan,nan,nan,nan,nan,nan,nan,nan,nan,1,1
2026-07-09T16:18:50.945,9774.578,218,,0,nan,nan,nan,nan,nan,nan,nan,nan,nan,nan,nan,nan,nan,nan,nan,nan,1,1
2026-07-09T16:18:50.994,9774.625,219,,0,nan,nan,nan,nan,nan,nan,nan,nan,nan,nan,nan,nan,nan,nan,nan,nan,1,1
2026-07-09T16:18:51.037,9774.671,220,,0,nan,nan,nan,nan,nan,nan,nan,nan,nan,nan,nan,nan,nan,nan,nan,nan,1,1
2026-07-09T16:18:51.085,9774.718,221,,0,nan,nan,nan,nan,nan,nan,nan,nan,nan,nan,nan,nan,nan,nan,nan,nan,1,1
2026-07-09T16:18:51.122,9774.75,222,,0,nan,nan,nan,nan,nan,nan,nan,nan,nan,nan,nan,nan,nan,nan,nan,nan,1,1
2026-07-09T16:18:51.183,9774.812,223,,0,nan,nan,nan,nan,nan,nan,nan,nan,nan,nan,nan,nan,nan,nan,nan,nan,1,1
2026-07-09T16:18:51.245,9774.875,224,,0,nan,nan,nan,nan,nan,nan,nan,nan,nan,nan,nan,nan,nan,nan,nan,nan,1,1
2026-07-09T16:18:51.276,9774.906,225,,0,nan,nan,nan,nan,nan,nan,nan,nan,nan,nan,nan,nan,nan,nan,nan,nan,1,1
2026-07-09T16:18:51.332,9774.968,226,,0,nan,nan,nan,nan,nan,nan,nan,nan,nan,nan,nan,nan,nan,nan,nan,nan,1,1
2026-07-09T16:18:51.368,9775.0,227,,0,nan,nan,nan,nan,nan,nan,nan,nan,nan,nan,nan,nan,nan,nan,nan,nan,1,1
2026-07-09T16:18:51.401,9775.031,228,,0,nan,nan,nan,nan,nan,nan,nan,nan,nan,nan,nan,nan,nan,nan,nan,nan,1,1
2026-07-09T16:18:51.467,9775.093,229,,0,nan,nan,nan,nan,nan,nan,nan,nan,nan,nan,nan,nan,nan,nan,nan,nan,1,1
2026-07-09T16:18:51.529,9775.156,230,,0,nan,nan,nan,nan,nan,nan,nan,nan,nan,nan,nan,nan,nan,nan,nan,nan,1,1
2026-07-09T16:18:51.563,9775.187,231,,0,nan,nan,nan,nan,nan,nan,nan,nan,nan,nan,nan,nan,nan,nan,nan,nan,1,1
2026-07-09T16:18:51.607,9775.234,232,,0,nan,nan,nan,nan,nan,nan,nan,nan,nan,nan,nan,nan,nan,nan,nan,nan,1,1
2026-07-09T16:18:51.644,9775.281,233,,0,nan,nan,nan,nan,nan,nan,nan,nan,nan,nan,nan,nan,nan,nan,nan,nan,1,1
2026-07-09T16:18:51.677,9775.312,234,,0,nan,nan,nan,nan,nan,nan,nan,nan,nan,nan,nan,nan,nan,nan,nan,nan,1,1
2026-07-09T16:18:51.722,9775.359,235,,0,nan,nan,nan,nan,nan,nan,nan,nan,nan,nan,nan,nan,nan,nan,nan,nan,1,1
2026-07-09T16:18:51.761,9775.39,236,,0,nan,nan,nan,nan,nan,nan,nan,nan,nan,nan,nan,nan,nan,nan,nan,nan,1,1
2026-07-09T16:18:51.804,9775.437,237,,0,nan,nan,nan,nan,nan,nan,nan,nan,nan,nan,nan,nan,nan,nan,nan,nan,1,1
2026-07-09T16:18:51.844,9775.468,238,,0,nan,nan,nan,nan,nan,nan,nan,nan,nan,nan,nan,nan,nan,nan,nan,nan,1,1
2026-07-09T16:18:51.883,9775.515,239,,0,nan,nan,nan,nan,nan,nan,nan,nan,nan,nan,nan,nan,nan,nan,nan,nan,1,1
2026-07-09T16:18:51.925,9775.562,240,,0,nan,nan,nan,nan,nan,nan,nan,nan,nan,nan,nan,nan,nan,nan,nan,nan,1,1
2026-07-09T16:18:51.970,9775.593,241,,0,nan,nan,nan,nan,nan,nan,nan,nan,nan,nan,nan,nan,nan,nan,nan,nan,1,1
2026-07-09T16:18:52.010,9775.64,242,,0,nan,nan,nan,nan,nan,nan,nan,nan,nan,nan,nan,nan,nan,nan,nan,nan,1,1
2026-07-09T16:18:52.054,9775.687,243,,0,nan,nan,nan,nan,nan,nan,nan,nan,nan,nan,nan,nan,nan,nan,nan,nan,1,1
2026-07-09T16:18:52.090,9775.718,244,,0,nan,nan,nan,nan,nan,nan,nan,nan,nan,nan,nan,nan,nan,nan,nan,nan,1,1
2026-07-09T16:18:52.128,9775.765,245,,0,nan,nan,nan,nan,nan,nan,nan,nan,nan,nan,nan,nan,nan,nan,nan,nan,1,1
2026-07-09T16:18:52.173,9775.796,246,,0,nan,nan,nan,nan,nan,nan,nan,nan,nan,nan,nan,nan,nan,nan,nan,nan,1,1
2026-07-09T16:18:52.208,9775.843,247,,0,nan,nan,nan,nan,nan,nan,nan,nan,nan,nan,nan,nan,nan,nan,nan,nan,1,1
2026-07-09T16:18:52.248,9775.875,248,,0,nan,nan,nan,nan,nan,nan,nan,nan,nan,nan,nan,nan,nan,nan,nan,nan,1,1
2026-07-09T16:18:52.285,9775.921,249,,0,nan,nan,nan,nan,nan,nan,nan,nan,nan,nan,nan,nan,nan,nan,nan,nan,1,1
2026-07-09T16:18:52.324,9775.953,250,,0,nan,nan,nan,nan,nan,nan,nan,nan,nan,nan,nan,nan,nan,nan,nan,nan,1,1
2026-07-09T16:18:52.360,9775.984,251,,0,nan,nan,nan,nan,nan,nan,nan,nan,nan,nan,nan,nan,nan,nan,nan,nan,1,1
2026-07-09T16:18:52.404,9776.031,252,,0,nan,nan,nan,nan,nan,nan,nan,nan,nan,nan,nan,nan,nan,nan,nan,nan,1,1
2026-07-09T16:18:52.446,9776.078,253,,0,nan,nan,nan,nan,nan,nan,nan,nan,nan,nan,nan,nan,nan,nan,nan,nan,1,1
2026-07-09T16:18:52.487,9776.109,254,,0,nan,nan,nan,nan,nan,nan,nan,nan,nan,nan,nan,nan,nan,nan,nan,nan,1,1
2026-07-09T16:18:52.526,9776.156,255,,0,nan,nan,nan,nan,nan,nan,nan,nan,nan,nan,nan,nan,nan,nan,nan,nan,1,1
2026-07-09T16:18:52.559,9776.187,256,,0,nan,nan,nan,nan,nan,nan,nan,nan,nan,nan,nan,nan,nan,nan,nan,nan,1,1
2026-07-09T16:18:52.599,9776.234,257,,0,nan,nan,nan,nan,nan,nan,nan,nan,nan,nan,nan,nan,nan,nan,nan,nan,1,1
2026-07-09T16:18:52.637,9776.265,258,,0,nan,nan,nan,nan,nan,nan,nan,nan,nan,nan,nan,nan,nan,nan,nan,nan,1,1
2026-07-09T16:18:52.670,9776.296,259,,0,nan,nan,nan,nan,nan,nan,nan,nan,nan,nan,nan,nan,nan,nan,nan,nan,1,1
2026-07-09T16:18:52.706,9776.343,260,,0,nan,nan,nan,nan,nan,nan,nan,nan,nan,nan,nan,nan,nan,nan,nan,nan,1,1
2026-07-09T16:18:52.744,9776.375,261,,0,nan,nan,nan,nan,nan,nan,nan,nan,nan,nan,nan,nan,nan,nan,nan,nan,1,1
2026-07-09T16:18:52.782,9776.406,262,,0,nan,nan,nan,nan,nan,nan,nan,nan,nan,nan,nan,nan,nan,nan,nan,nan,1,1
2026-07-09T16:18:52.822,9776.453,263,,0,nan,nan,nan,nan,nan,nan,nan,nan,nan,nan,nan,nan,nan,nan,nan,nan,1,1
2026-07-09T16:18:52.859,9776.484,264,,0,nan,nan,nan,nan,nan,nan,nan,nan,nan,nan,nan,nan,nan,nan,nan,nan,1,1
2026-07-09T16:18:52.890,9776.515,265,,0,nan,nan,nan,nan,nan,nan,nan,nan,nan,nan,nan,nan,nan,nan,nan,nan,1,1
2026-07-09T16:18:52.937,9776.562,266,,0,nan,nan,nan,nan,nan,nan,nan,nan,nan,nan,nan,nan,nan,nan,nan,nan,1,1
2026-07-09T16:18:52.975,9776.609,267,,0,nan,nan,nan,nan,nan,nan,nan,nan,nan,nan,nan,nan,nan,nan,nan,nan,1,1
2026-07-09T16:18:53.018,9776.64,268,,0,nan,nan,nan,nan,nan,nan,nan,nan,nan,nan,nan,nan,nan,nan,nan,nan,1,1
2026-07-09T16:18:53.073,9776.703,269,,0,nan,nan,nan,nan,nan,nan,nan,nan,nan,nan,nan,nan,nan,nan,nan,nan,1,1
2026-07-09T16:18:53.118,9776.75,270,,0,nan,nan,nan,nan,nan,nan,nan,nan,nan,nan,nan,nan,nan,nan,nan,nan,1,1
2026-07-09T16:18:53.159,9776.796,271,,0,nan,nan,nan,nan,nan,nan,nan,nan,nan,nan,nan,nan,nan,nan,nan,nan,1,1
2026-07-09T16:18:53.199,9776.828,272,,0,nan,nan,nan,nan,nan,nan,nan,nan,nan,nan,nan,nan,nan,nan,nan,nan,1,1
2026-07-09T16:18:53.228,9776.859,273,,0,nan,nan,nan,nan,nan,nan,nan,nan,nan,nan,nan,nan,nan,nan,nan,nan,1,1
2026-07-09T16:18:53.276,9776.906,274,,0,nan,nan,nan,nan,nan,nan,nan,nan,nan,nan,nan,nan,nan,nan,nan,nan,1,1
2026-07-09T16:18:53.316,9776.953,275,,0,nan,nan,nan,nan,nan,nan,nan,nan,nan,nan,nan,nan,nan,nan,nan,nan,1,1
2026-07-09T16:18:53.351,9776.984,276,,0,nan,nan,nan,nan,nan,nan,nan,nan,nan,nan,nan,nan,nan,nan,nan,nan,1,1
2026-07-09T16:18:53.388,9777.015,277,,0,nan,nan,nan,nan,nan,nan,nan,nan,nan,nan,nan,nan,nan,nan,nan,nan,1,1
2026-07-09T16:18:53.428,9777.062,278,,0,nan,nan,nan,nan,nan,nan,nan,nan,nan,nan,nan,nan,nan,nan,nan,nan,1,1
2026-07-09T16:18:53.469,9777.093,279,,0,nan,nan,nan,nan,nan,nan,nan,nan,nan,nan,nan,nan,nan,nan,nan,nan,1,1
2026-07-09T16:18:53.531,9777.156,280,,0,nan,nan,nan,nan,nan,nan,nan,nan,nan,nan,nan,nan,nan,nan,nan,nan,1,1
2026-07-09T16:18:53.565,9777.187,281,,0,nan,nan,nan,nan,nan,nan,nan,nan,nan,nan,nan,nan,nan,nan,nan,nan,1,1
2026-07-09T16:18:53.622,9777.25,282,,0,nan,nan,nan,nan,nan,nan,nan,nan,nan,nan,nan,nan,nan,nan,nan,nan,1,1
2026-07-09T16:18:53.669,9777.296,283,,0,nan,nan,nan,nan,nan,nan,nan,nan,nan,nan,nan,nan,nan,nan,nan,nan,1,1
2026-07-09T16:18:53.708,9777.343,284,,0,nan,nan,nan,nan,nan,nan,nan,nan,nan,nan,nan,nan,nan,nan,nan,nan,1,1
2026-07-09T16:18:53.751,9777.375,285,,0,nan,nan,nan,nan,nan,nan,nan,nan,nan,nan,nan,nan,nan,nan,nan,nan,1,1
2026-07-09T16:18:53.793,9777.421,286,,0,nan,nan,nan,nan,nan,nan,nan,nan,nan,nan,nan,nan,nan,nan,nan,nan,1,1
2026-07-09T16:18:53.845,9777.468,287,,0,nan,nan,nan,nan,nan,nan,nan,nan,nan,nan,nan,nan,nan,nan,nan,nan,1,1
2026-07-09T16:18:53.894,9777.531,288,,0,nan,nan,nan,nan,nan,nan,nan,nan,nan,nan,nan,nan,nan,nan,nan,nan,1,1
2026-07-09T16:18:53.941,9777.578,289,,0,nan,nan,nan,nan,nan,nan,nan,nan,nan,nan,nan,nan,nan,nan,nan,nan,1,1
2026-07-09T16:18:53.985,9777.609,290,,0,nan,nan,nan,nan,nan,nan,nan,nan,nan,nan,nan,nan,nan,nan,nan,nan,1,1
2026-07-09T16:18:54.031,9777.656,291,,0,nan,nan,nan,nan,nan,nan,nan,nan,nan,nan,nan,nan,nan,nan,nan,nan,1,1
2026-07-09T16:18:54.059,9777.687,292,,0,nan,nan,nan,nan,nan,nan,nan,nan,nan,nan,nan,nan,nan,nan,nan,nan,1,1
2026-07-09T16:18:54.105,9777.734,293,,0,nan,nan,nan,nan,nan,nan,nan,nan,nan,nan,nan,nan,nan,nan,nan,nan,1,1
2026-07-09T16:18:54.157,9777.781,294,,0,nan,nan,nan,nan,nan,nan,nan,nan,nan,nan,nan,nan,nan,nan,nan,nan,1,1
2026-07-09T16:18:54.217,9777.843,295,,0,nan,nan,nan,nan,nan,nan,nan,nan,nan,nan,nan,nan,nan,nan,nan,nan,1,1
2026-07-09T16:18:54.254,9777.89,296,,0,nan,nan,nan,nan,nan,nan,nan,nan,nan,nan,nan,nan,nan,nan,nan,nan,1,1
2026-07-09T16:18:54.296,9777.921,297,,0,nan,nan,nan,nan,nan,nan,nan,nan,nan,nan,nan,nan,nan,nan,nan,nan,1,1
2026-07-09T16:18:54.332,9777.968,298,,0,nan,nan,nan,nan,nan,nan,nan,nan,nan,nan,nan,nan,nan,nan,nan,nan,1,1
2026-07-09T16:18:54.366,9778.0,299,,0,nan,nan,nan,nan,nan,nan,nan,nan,nan,nan,nan,nan,nan,nan,nan,nan,1,1
2026-07-09T16:18:54.412,9778.046,300,,0,nan,nan,nan,nan,nan,nan,nan,nan,nan,nan,nan,nan,nan,nan,nan,nan,1,1
2026-07-09T16:18:54.444,9778.078,301,,0,nan,nan,nan,nan,nan,nan,nan,nan,nan,nan,nan,nan,nan,nan,nan,nan,1,1
2026-07-09T16:18:54.509,9778.14,302,,0,nan,nan,nan,nan,nan,nan,nan,nan,nan,nan,nan,nan,nan,nan,nan,nan,1,1
2026-07-09T16:18:54.550,9778.187,303,,0,nan,nan,nan,nan,nan,nan,nan,nan,nan,nan,nan,nan,nan,nan,nan,nan,1,1
2026-07-09T16:18:54.599,9778.234,304,,0,nan,nan,nan,nan,nan,nan,nan,nan,nan,nan,nan,nan,nan,nan,nan,nan,1,1
2026-07-09T16:18:54.639,9778.265,305,,0,nan,nan,nan,nan,nan,nan,nan,nan,nan,nan,nan,nan,nan,nan,nan,nan,1,1
2026-07-09T16:18:54.684,9778.312,306,,0,nan,nan,nan,nan,nan,nan,nan,nan,nan,nan,nan,nan,nan,nan,nan,nan,1,1
2026-07-09T16:18:54.731,9778.359,307,,0,nan,nan,nan,nan,nan,nan,nan,nan,nan,nan,nan,nan,nan,nan,nan,nan,1,1
2026-07-09T16:18:54.776,9778.406,308,,0,nan,nan,nan,nan,nan,nan,nan,nan,nan,nan,nan,nan,nan,nan,nan,nan,1,1
2026-07-09T16:18:54.823,9778.453,309,,0,nan,nan,nan,nan,nan,nan,nan,nan,nan,nan,nan,nan,nan,nan,nan,nan,1,1
2026-07-09T16:18:54.860,9778.484,310,,0,nan,nan,nan,nan,nan,nan,nan,nan,nan,nan,nan,nan,nan,nan,nan,nan,1,1
2026-07-09T16:18:54.901,9778.531,311,,0,nan,nan,nan,nan,nan,nan,nan,nan,nan,nan,nan,nan,nan,nan,nan,nan,1,1
2026-07-09T16:18:54.935,9778.562,312,,0,nan,nan,nan,nan,nan,nan,nan,nan,nan,nan,nan,nan,nan,nan,nan,nan,1,1
2026-07-09T16:18:54.971,9778.593,313,,0,nan,nan,nan,nan,nan,nan,nan,nan,nan,nan,nan,nan,nan,nan,nan,nan,1,1
2026-07-09T16:18:55.004,9778.64,314,,0,nan,nan,nan,nan,nan,nan,nan,nan,nan,nan,nan,nan,nan,nan,nan,nan,1,1
2026-07-09T16:18:55.047,9778.671,315,,0,nan,nan,nan,nan,nan,nan,nan,nan,nan,nan,nan,nan,nan,nan,nan,nan,1,1
2026-07-09T16:18:55.085,9778.718,316,,0,nan,nan,nan,nan,nan,nan,nan,nan,nan,nan,nan,nan,nan,nan,nan,nan,1,1
2026-07-09T16:18:55.129,9778.765,317,,0,nan,nan,nan,nan,nan,nan,nan,nan,nan,nan,nan,nan,nan,nan,nan,nan,1,1
2026-07-09T16:18:55.167,9778.796,318,,0,nan,nan,nan,nan,nan,nan,nan,nan,nan,nan,nan,nan,nan,nan,nan,nan,1,1
2026-07-09T16:18:55.213,9778.843,319,,0,nan,nan,nan,nan,nan,nan,nan,nan,nan,nan,nan,nan,nan,nan,nan,nan,1,1
2026-07-09T16:18:55.245,9778.875,320,,0,nan,nan,nan,nan,nan,nan,nan,nan,nan,nan,nan,nan,nan,nan,nan,nan,1,1
2026-07-09T16:18:55.283,9778.906,321,,0,nan,nan,nan,nan,nan,nan,nan,nan,nan,nan,nan,nan,nan,nan,nan,nan,1,1
2026-07-09T16:18:55.324,9778.953,322,,0,nan,nan,nan,nan,nan,nan,nan,nan,nan,nan,nan,nan,nan,nan,nan,nan,1,1
2026-07-09T16:18:55.360,9778.984,323,,0,nan,nan,nan,nan,nan,nan,nan,nan,nan,nan,nan,nan,nan,nan,nan,nan,1,1
2026-07-09T16:18:55.398,9779.031,324,,0,nan,nan,nan,nan,nan,nan,nan,nan,nan,nan,nan,nan,nan,nan,nan,nan,1,1
2026-07-09T16:18:55.431,9779.062,325,,0,nan,nan,nan,nan,nan,nan,nan,nan,nan,nan,nan,nan,nan,nan,nan,nan,1,1
2026-07-09T16:18:55.482,9779.109,326,,0,nan,nan,nan,nan,nan,nan,nan,nan,nan,nan,nan,nan,nan,nan,nan,nan,1,1
2026-07-09T16:18:55.514,9779.14,327,,0,nan,nan,nan,nan,nan,nan,nan,nan,nan,nan,nan,nan,nan,nan,nan,nan,1,1
2026-07-09T16:18:55.551,9779.187,328,,0,nan,nan,nan,nan,nan,nan,nan,nan,nan,nan,nan,nan,nan,nan,nan,nan,1,1
2026-07-09T16:18:55.590,9779.218,329,,0,nan,nan,nan,nan,nan,nan,nan,nan,nan,nan,nan,nan,nan,nan,nan,nan,1,1
2026-07-09T16:18:55.654,9779.281,330,,0,nan,nan,nan,nan,nan,nan,nan,nan,nan,nan,nan,nan,nan,nan,nan,nan,1,1
2026-07-09T16:18:55.690,9779.312,331,,0,nan,nan,nan,nan,nan,nan,nan,nan,nan,nan,nan,nan,nan,nan,nan,nan,1,1
2026-07-09T16:18:55.729,9779.359,332,,0,nan,nan,nan,nan,nan,nan,nan,nan,nan,nan,nan,nan,nan,nan,nan,nan,1,1
2026-07-09T16:18:55.767,9779.39,333,,0,nan,nan,nan,nan,nan,nan,nan,nan,nan,nan,nan,nan,nan,nan,nan,nan,1,1
2026-07-09T16:18:55.803,9779.437,334,,0,nan,nan,nan,nan,nan,nan,nan,nan,nan,nan,nan,nan,nan,nan,nan,nan,1,1
2026-07-09T16:18:55.847,9779.484,335,,0,nan,nan,nan,nan,nan,nan,nan,nan,nan,nan,nan,nan,nan,nan,nan,nan,1,1
2026-07-09T16:18:55.884,9779.515,336,,0,nan,nan,nan,nan,nan,nan,nan,nan,nan,nan,nan,nan,nan,nan,nan,nan,1,1
2026-07-09T16:18:55.917,9779.546,337,,0,nan,nan,nan,nan,nan,nan,nan,nan,nan,nan,nan,nan,nan,nan,nan,nan,1,1
2026-07-09T16:18:55.953,9779.578,338,,0,nan,nan,nan,nan,nan,nan,nan,nan,nan,nan,nan,nan,nan,nan,nan,nan,1,1
2026-07-09T16:18:55.985,9779.609,339,,0,nan,nan,nan,nan,nan,nan,nan,nan,nan,nan,nan,nan,nan,nan,nan,nan,1,1
2026-07-09T16:18:56.024,9779.656,340,,0,nan,nan,nan,nan,nan,nan,nan,nan,nan,nan,nan,nan,nan,nan,nan,nan,1,1
2026-07-09T16:18:56.065,9779.687,341,,0,nan,nan,nan,nan,nan,nan,nan,nan,nan,nan,nan,nan,nan,nan,nan,nan,1,1
2026-07-09T16:18:56.102,9779.734,342,,0,nan,nan,nan,nan,nan,nan,nan,nan,nan,nan,nan,nan,nan,nan,nan,nan,1,1
2026-07-09T16:18:56.156,9779.781,343,,0,nan,nan,nan,nan,nan,nan,nan,nan,nan,nan,nan,nan,nan,nan,nan,nan,1,1
2026-07-09T16:18:56.204,9779.828,344,,0,nan,nan,nan,nan,nan,nan,nan,nan,nan,nan,nan,nan,nan,nan,nan,nan,1,1
2026-07-09T16:18:56.250,9779.875,345,,0,nan,nan,nan,nan,nan,nan,nan,nan,nan,nan,nan,nan,nan,nan,nan,nan,1,1
2026-07-09T16:18:56.284,9779.921,346,,0,nan,nan,nan,nan,nan,nan,nan,nan,nan,nan,nan,nan,nan,nan,nan,nan,1,1
2026-07-09T16:18:56.334,9779.968,347,,0,nan,nan,nan,nan,nan,nan,nan,nan,nan,nan,nan,nan,nan,nan,nan,nan,1,1
2026-07-09T16:18:56.376,9780.0,348,,0,nan,nan,nan,nan,nan,nan,nan,nan,nan,nan,nan,nan,nan,nan,nan,nan,1,1
2026-07-09T16:18:56.411,9780.046,349,,0,nan,nan,nan,nan,nan,nan,nan,nan,nan,nan,nan,nan,nan,nan,nan,nan,1,1
2026-07-09T16:18:56.444,9780.078,350,,0,nan,nan,nan,nan,nan,nan,nan,nan,nan,nan,nan,nan,nan,nan,nan,nan,1,1
2026-07-09T16:18:56.476,9780.109,351,,0,nan,nan,nan,nan,nan,nan,nan,nan,nan,nan,nan,nan,nan,nan,nan,nan,1,1
2026-07-09T16:18:56.521,9780.156,352,,0,nan,nan,nan,nan,nan,nan,nan,nan,nan,nan,nan,nan,nan,nan,nan,nan,1,1
2026-07-09T16:18:56.557,9780.187,353,,0,nan,nan,nan,nan,nan,nan,nan,nan,nan,nan,nan,nan,nan,nan,nan,nan,1,1
2026-07-09T16:18:56.598,9780.234,354,,0,nan,nan,nan,nan,nan,nan,nan,nan,nan,nan,nan,nan,nan,nan,nan,nan,1,1
2026-07-09T16:18:56.636,9780.265,355,,0,nan,nan,nan,nan,nan,nan,nan,nan,nan,nan,nan,nan,nan,nan,nan,nan,1,1
2026-07-09T16:18:56.671,9780.296,356,,0,nan,nan,nan,nan,nan,nan,nan,nan,nan,nan,nan,nan,nan,nan,nan,nan,1,1
2026-07-09T16:18:56.721,9780.343,357,,0,nan,nan,nan,nan,nan,nan,nan,nan,nan,nan,nan,nan,nan,nan,nan,nan,1,1
2026-07-09T16:18:56.776,9780.406,358,,0,nan,nan,nan,nan,nan,nan,nan,nan,nan,nan,nan,nan,nan,nan,nan,nan,1,1
2026-07-09T16:18:56.815,9780.437,359,,0,nan,nan,nan,nan,nan,nan,nan,nan,nan,nan,nan,nan,nan,nan,nan,nan,1,1
2026-07-09T16:18:56.844,9780.468,360,,0,nan,nan,nan,nan,nan,nan,nan,nan,nan,nan,nan,nan,nan,nan,nan,nan,1,1
2026-07-09T16:18:56.888,9780.515,361,,0,nan,nan,nan,nan,nan,nan,nan,nan,nan,nan,nan,nan,nan,nan,nan,nan,1,1
2026-07-09T16:18:56.925,9780.562,362,,0,nan,nan,nan,nan,nan,nan,nan,nan,nan,nan,nan,nan,nan,nan,nan,nan,1,1
2026-07-09T16:18:56.975,9780.609,363,,0,nan,nan,nan,nan,nan,nan,nan,nan,nan,nan,nan,nan,nan,nan,nan,nan,1,1
2026-07-09T16:18:57.023,9780.656,364,,0,nan,nan,nan,nan,nan,nan,nan,nan,nan,nan,nan,nan,nan,nan,nan,nan,1,1
2026-07-09T16:18:57.061,9780.687,365,,0,nan,nan,nan,nan,nan,nan,nan,nan,nan,nan,nan,nan,nan,nan,nan,nan,1,1
2026-07-09T16:18:57.098,9780.734,366,,0,nan,nan,nan,nan,nan,nan,nan,nan,nan,nan,nan,nan,nan,nan,nan,nan,1,1
2026-07-09T16:18:57.141,9780.765,367,,0,nan,nan,nan,nan,nan,nan,nan,nan,nan,nan,nan,nan,nan,nan,nan,nan,1,1
2026-07-09T16:18:57.179,9780.812,368,,0,nan,nan,nan,nan,nan,nan,nan,nan,nan,nan,nan,nan,nan,nan,nan,nan,1,1
2026-07-09T16:18:57.216,9780.843,369,,0,nan,nan,nan,nan,nan,nan,nan,nan,nan,nan,nan,nan,nan,nan,nan,nan,1,1
2026-07-09T16:18:57.256,9780.89,370,,0,nan,nan,nan,nan,nan,nan,nan,nan,nan,nan,nan,nan,nan,nan,nan,nan,1,1
2026-07-09T16:18:57.298,9780.921,371,,0,nan,nan,nan,nan,nan,nan,nan,nan,nan,nan,nan,nan,nan,nan,nan,nan,1,1
2026-07-09T16:18:57.336,9780.968,372,,0,nan,nan,nan,nan,nan,nan,nan,nan,nan,nan,nan,nan,nan,nan,nan,nan,1,1
2026-07-09T16:18:57.383,9781.015,373,,0,nan,nan,nan,nan,nan,nan,nan,nan,nan,nan,nan,nan,nan,nan,nan,nan,1,1
2026-07-09T16:18:57.418,9781.046,374,,0,nan,nan,nan,nan,nan,nan,nan,nan,nan,nan,nan,nan,nan,nan,nan,nan,1,1
2026-07-09T16:18:57.457,9781.093,375,,0,nan,nan,nan,nan,nan,nan,nan,nan,nan,nan,nan,nan,nan,nan,nan,nan,1,1
2026-07-09T16:18:57.512,9781.14,376,,0,nan,nan,nan,nan,nan,nan,nan,nan,nan,nan,nan,nan,nan,nan,nan,nan,1,1
2026-07-09T16:18:57.550,9781.187,377,,0,nan,nan,nan,nan,nan,nan,nan,nan,nan,nan,nan,nan,nan,nan,nan,nan,1,1
2026-07-09T16:18:57.588,9781.218,378,,0,nan,nan,nan,nan,nan,nan,nan,nan,nan,nan,nan,nan,nan,nan,nan,nan,1,1
2026-07-09T16:18:57.624,9781.25,379,,0,nan,nan,nan,nan,nan,nan,nan,nan,nan,nan,nan,nan,nan,nan,nan,nan,1,1
2026-07-09T16:18:57.660,9781.296,380,,0,nan,nan,nan,nan,nan,nan,nan,nan,nan,nan,nan,nan,nan,nan,nan,nan,1,1
2026-07-09T16:18:57.700,9781.328,381,,0,nan,nan,nan,nan,nan,nan,nan,nan,nan,nan,nan,nan,nan,nan,nan,nan,1,1
2026-07-09T16:18:57.736,9781.359,382,,0,nan,nan,nan,nan,nan,nan,nan,nan,nan,nan,nan,nan,nan,nan,nan,nan,1,1
2026-07-09T16:18:57.780,9781.406,383,,0,nan,nan,nan,nan,nan,nan,nan,nan,nan,nan,nan,nan,nan,nan,nan,nan,1,1
2026-07-09T16:18:57.820,9781.453,384,,0,nan,nan,nan,nan,nan,nan,nan,nan,nan,nan,nan,nan,nan,nan,nan,nan,1,1
2026-07-09T16:18:57.848,9781.484,385,,0,nan,nan,nan,nan,nan,nan,nan,nan,nan,nan,nan,nan,nan,nan,nan,nan,1,1
2026-07-09T16:18:57.892,9781.515,386,,0,nan,nan,nan,nan,nan,nan,nan,nan,nan,nan,nan,nan,nan,nan,nan,nan,1,1
2026-07-09T16:18:57.932,9781.562,387,,0,nan,nan,nan,nan,nan,nan,nan,nan,nan,nan,nan,nan,nan,nan,nan,nan,1,1
2026-07-09T16:18:57.974,9781.609,388,,0,nan,nan,nan,nan,nan,nan,nan,nan,nan,nan,nan,nan,nan,nan,nan,nan,1,1
2026-07-09T16:18:58.007,9781.64,389,,0,nan,nan,nan,nan,nan,nan,nan,nan,nan,nan,nan,nan,nan,nan,nan,nan,1,1
2026-07-09T16:18:58.050,9781.687,390,,0,nan,nan,nan,nan,nan,nan,nan,nan,nan,nan,nan,nan,nan,nan,nan,nan,1,1
2026-07-09T16:18:58.087,9781.718,391,,0,nan,nan,nan,nan,nan,nan,nan,nan,nan,nan,nan,nan,nan,nan,nan,nan,1,1
2026-07-09T16:18:58.126,9781.75,392,,0,nan,nan,nan,nan,nan,nan,nan,nan,nan,nan,nan,nan,nan,nan,nan,nan,1,1
2026-07-09T16:18:58.163,9781.796,393,,0,nan,nan,nan,nan,nan,nan,nan,nan,nan,nan,nan,nan,nan,nan,nan,nan,1,1
2026-07-09T16:18:58.204,9781.828,394,,0,nan,nan,nan,nan,nan,nan,nan,nan,nan,nan,nan,nan,nan,nan,nan,nan,1,1
2026-07-09T16:18:58.239,9781.875,395,,0,nan,nan,nan,nan,nan,nan,nan,nan,nan,nan,nan,nan,nan,nan,nan,nan,1,1
2026-07-09T16:18:58.278,9781.906,396,,0,nan,nan,nan,nan,nan,nan,nan,nan,nan,nan,nan,nan,nan,nan,nan,nan,1,1
2026-07-09T16:18:58.329,9781.953,397,,0,nan,nan,nan,nan,nan,nan,nan,nan,nan,nan,nan,nan,nan,nan,nan,nan,1,1
2026-07-09T16:18:58.369,9782.0,398,,0,nan,nan,nan,nan,nan,nan,nan,nan,nan,nan,nan,nan,nan,nan,nan,nan,1,1
2026-07-09T16:18:58.410,9782.046,399,,0,nan,nan,nan,nan,nan,nan,nan,nan,nan,nan,nan,nan,nan,nan,nan,nan,1,1
2026-07-09T16:18:58.455,9782.078,400,,0,nan,nan,nan,nan,nan,nan,nan,nan,nan,nan,nan,nan,nan,nan,nan,nan,1,1
2026-07-09T16:18:58.494,9782.125,401,,0,nan,nan,nan,nan,nan,nan,nan,nan,nan,nan,nan,nan,nan,nan,nan,nan,1,1
2026-07-09T16:18:58.531,9782.156,402,,0,nan,nan,nan,nan,nan,nan,nan,nan,nan,nan,nan,nan,nan,nan,nan,nan,1,1
2026-07-09T16:18:58.569,9782.203,403,,0,nan,nan,nan,nan,nan,nan,nan,nan,nan,nan,nan,nan,nan,nan,nan,nan,1,1
2026-07-09T16:18:58.605,9782.234,404,,0,nan,nan,nan,nan,nan,nan,nan,nan,nan,nan,nan,nan,nan,nan,nan,nan,1,1
2026-07-09T16:18:58.650,9782.281,405,,0,nan,nan,nan,nan,nan,nan,nan,nan,nan,nan,nan,nan,nan,nan,nan,nan,1,1
2026-07-09T16:18:58.735,9782.359,406,,0,nan,nan,nan,nan,nan,nan,nan,nan,nan,nan,nan,nan,nan,nan,nan,nan,1,1
2026-07-09T16:18:58.775,9782.406,407,,0,nan,nan,nan,nan,nan,nan,nan,nan,nan,nan,nan,nan,nan,nan,nan,nan,1,1
2026-07-09T16:18:58.816,9782.453,408,,0,nan,nan,nan,nan,nan,nan,nan,nan,nan,nan,nan,nan,nan,nan,nan,nan,1,1
2026-07-09T16:18:58.855,9782.484,409,,0,nan,nan,nan,nan,nan,nan,nan,nan,nan,nan,nan,nan,nan,nan,nan,nan,1,1
2026-07-09T16:18:58.888,9782.515,410,,0,nan,nan,nan,nan,nan,nan,nan,nan,nan,nan,nan,nan,nan,nan,nan,nan,1,1
2026-07-09T16:18:58.930,9782.562,411,,0,nan,nan,nan,nan,nan,nan,nan,nan,nan,nan,nan,nan,nan,nan,nan,nan,1,1
2026-07-09T16:18:58.953,9782.578,412,,0,nan,nan,nan,nan,nan,nan,nan,nan,nan,nan,nan,nan,nan,nan,nan,nan,1,1
2026-07-09T16:18:59.003,9782.64,413,,0,nan,nan,nan,nan,nan,nan,nan,nan,nan,nan,nan,nan,nan,nan,nan,nan,1,1
2026-07-09T16:18:59.036,9782.671,414,,0,nan,nan,nan,nan,nan,nan,nan,nan,nan,nan,nan,nan,nan,nan,nan,nan,1,1
2026-07-09T16:18:59.069,9782.703,415,,0,nan,nan,nan,nan,nan,nan,nan,nan,nan,nan,nan,nan,nan,nan,nan,nan,1,1
2026-07-09T16:18:59.117,9782.75,416,,0,nan,nan,nan,nan,nan,nan,nan,nan,nan,nan,nan,nan,nan,nan,nan,nan,1,1
2026-07-09T16:18:59.150,9782.781,417,,0,nan,nan,nan,nan,nan,nan,nan,nan,nan,nan,nan,nan,nan,nan,nan,nan,1,1
2026-07-09T16:18:59.192,9782.828,418,,0,nan,nan,nan,nan,nan,nan,nan,nan,nan,nan,nan,nan,nan,nan,nan,nan,1,1
2026-07-09T16:18:59.230,9782.859,419,,0,nan,nan,nan,nan,nan,nan,nan,nan,nan,nan,nan,nan,nan,nan,nan,nan,1,1
2026-07-09T16:18:59.269,9782.906,420,,0,nan,nan,nan,nan,nan,nan,nan,nan,nan,nan,nan,nan,nan,nan,nan,nan,1,1
2026-07-09T16:18:59.295,9782.921,421,,0,nan,nan,nan,nan,nan,nan,nan,nan,nan,nan,nan,nan,nan,nan,nan,nan,1,1
2026-07-09T16:18:59.338,9782.968,422,,0,nan,nan,nan,nan,nan,nan,nan,nan,nan,nan,nan,nan,nan,nan,nan,nan,1,1
2026-07-09T16:18:59.380,9783.015,423,,0,nan,nan,nan,nan,nan,nan,nan,nan,nan,nan,nan,nan,nan,nan,nan,nan,1,1
2026-07-09T16:18:59.419,9783.046,424,,0,nan,nan,nan,nan,nan,nan,nan,nan,nan,nan,nan,nan,nan,nan,nan,nan,1,1
2026-07-09T16:18:59.462,9783.093,425,,0,nan,nan,nan,nan,nan,nan,nan,nan,nan,nan,nan,nan,nan,nan,nan,nan,1,1
2026-07-09T16:18:59.501,9783.125,426,,0,nan,nan,nan,nan,nan,nan,nan,nan,nan,nan,nan,nan,nan,nan,nan,nan,1,1
2026-07-09T16:18:59.541,9783.171,427,,0,nan,nan,nan,nan,nan,nan,nan,nan,nan,nan,nan,nan,nan,nan,nan,nan,1,1
2026-07-09T16:18:59.577,9783.203,428,,0,nan,nan,nan,nan,nan,nan,nan,nan,nan,nan,nan,nan,nan,nan,nan,nan,1,1
2026-07-09T16:18:59.609,9783.234,429,,0,nan,nan,nan,nan,nan,nan,nan,nan,nan,nan,nan,nan,nan,nan,nan,nan,1,1
2026-07-09T16:18:59.647,9783.281,430,,0,nan,nan,nan,nan,nan,nan,nan,nan,nan,nan,nan,nan,nan,nan,nan,nan,1,1
2026-07-09T16:18:59.686,9783.312,431,,0,nan,nan,nan,nan,nan,nan,nan,nan,nan,nan,nan,nan,nan,nan,nan,nan,1,1
2026-07-09T16:18:59.720,9783.343,432,,0,nan,nan,nan,nan,nan,nan,nan,nan,nan,nan,nan,nan,nan,nan,nan,nan,1,1
2026-07-09T16:18:59.754,9783.39,433,,0,nan,nan,nan,nan,nan,nan,nan,nan,nan,nan,nan,nan,nan,nan,nan,nan,1,1
2026-07-09T16:18:59.789,9783.421,434,,0,nan,nan,nan,nan,nan,nan,nan,nan,nan,nan,nan,nan,nan,nan,nan,nan,1,1
2026-07-09T16:18:59.830,9783.453,435,,0,nan,nan,nan,nan,nan,nan,nan,nan,nan,nan,nan,nan,nan,nan,nan,nan,1,1
2026-07-09T16:18:59.869,9783.5,436,,0,nan,nan,nan,nan,nan,nan,nan,nan,nan,nan,nan,nan,nan,nan,nan,nan,1,1
2026-07-09T16:18:59.902,9783.531,437,,0,nan,nan,nan,nan,nan,nan,nan,nan,nan,nan,nan,nan,nan,nan,nan,nan,1,1
2026-07-09T16:18:59.945,9783.578,438,,0,nan,nan,nan,nan,nan,nan,nan,nan,nan,nan,nan,nan,nan,nan,nan,nan,1,1
2026-07-09T16:18:59.981,9783.609,439,,0,nan,nan,nan,nan,nan,nan,nan,nan,nan,nan,nan,nan,nan,nan,nan,nan,1,1
2026-07-09T16:19:00.022,9783.656,440,,0,nan,nan,nan,nan,nan,nan,nan,nan,nan,nan,nan,nan,nan,nan,nan,nan,1,1
2026-07-09T16:19:00.066,9783.703,441,,0,nan,nan,nan,nan,nan,nan,nan,nan,nan,nan,nan,nan,nan,nan,nan,nan,1,1
2026-07-09T16:19:00.105,9783.734,442,,0,nan,nan,nan,nan,nan,nan,nan,nan,nan,nan,nan,nan,nan,nan,nan,nan,1,1
2026-07-09T16:19:00.139,9783.765,443,,0,nan,nan,nan,nan,nan,nan,nan,nan,nan,nan,nan,nan,nan,nan,nan,nan,1,1
2026-07-09T16:19:00.190,9783.812,444,,0,nan,nan,nan,nan,nan,nan,nan,nan,nan,nan,nan,nan,nan,nan,nan,nan,1,1
2026-07-09T16:19:00.229,9783.859,445,,0,nan,nan,nan,nan,nan,nan,nan,nan,nan,nan,nan,nan,nan,nan,nan,nan,1,1
2026-07-09T16:19:00.269,9783.906,446,,0,nan,nan,nan,nan,nan,nan,nan,nan,nan,nan,nan,nan,nan,nan,nan,nan,1,1
2026-07-09T16:19:00.301,9783.937,447,,0,nan,nan,nan,nan,nan,nan,nan,nan,nan,nan,nan,nan,nan,nan,nan,nan,1,1
2026-07-09T16:19:00.344,9783.968,448,,0,nan,nan,nan,nan,nan,nan,nan,nan,nan,nan,nan,nan,nan,nan,nan,nan,1,1
2026-07-09T16:19:00.380,9784.015,449,,0,nan,nan,nan,nan,nan,nan,nan,nan,nan,nan,nan,nan,nan,nan,nan,nan,1,1
2026-07-09T16:19:00.419,9784.046,450,,0,nan,nan,nan,nan,nan,nan,nan,nan,nan,nan,nan,nan,nan,nan,nan,nan,1,1
2026-07-09T16:19:00.476,9784.109,451,,0,nan,nan,nan,nan,nan,nan,nan,nan,nan,nan,nan,nan,nan,nan,nan,nan,1,1
2026-07-09T16:19:00.511,9784.14,452,,0,nan,nan,nan,nan,nan,nan,nan,nan,nan,nan,nan,nan,nan,nan,nan,nan,1,1
2026-07-09T16:19:00.558,9784.187,453,,0,nan,nan,nan,nan,nan,nan,nan,nan,nan,nan,nan,nan,nan,nan,nan,nan,1,1
2026-07-09T16:19:00.601,9784.234,454,,0,nan,nan,nan,nan,nan,nan,nan,nan,nan,nan,nan,nan,nan,nan,nan,nan,1,1
2026-07-09T16:19:00.642,9784.265,455,,0,nan,nan,nan,nan,nan,nan,nan,nan,nan,nan,nan,nan,nan,nan,nan,nan,1,0
2026-07-09T16:19:00.668,9784.296,456,,0,nan,nan,nan,nan,nan,nan,nan,nan,nan,nan,nan,nan,nan,nan,nan,nan,1,0
2026-07-09T16:19:00.696,9784.328,457,,0,nan,nan,nan,nan,nan,nan,nan,nan,nan,nan,nan,nan,nan,nan,nan,nan,1,0
2026-07-09T16:19:00.747,9784.375,458,,0,nan,nan,nan,nan,nan,nan,nan,nan,nan,nan,nan,nan,nan,nan,nan,nan,1,0
2026-07-09T16:19:00.775,9784.406,459,,0,nan,nan,nan,nan,nan,nan,nan,nan,nan,nan,nan,nan,nan,nan,nan,nan,1,0
2026-07-09T16:19:00.810,9784.437,460,,0,nan,nan,nan,nan,nan,nan,nan,nan,nan,nan,nan,nan,nan,nan,nan,nan,1,0
2026-07-09T16:19:00.855,9784.484,461,,0,nan,nan,nan,nan,nan,nan,nan,nan,nan,nan,nan,nan,nan,nan,nan,nan,1,0
2026-07-09T16:19:00.889,9784.515,462,,0,nan,nan,nan,nan,nan,nan,nan,nan,nan,nan,nan,nan,nan,nan,nan,nan,1,0
2026-07-09T16:19:00.931,9784.562,463,,0,nan,nan,nan,nan,nan,nan,nan,nan,nan,nan,nan,nan,nan,nan,nan,nan,1,0
2026-07-09T16:19:00.967,9784.593,464,,0,nan,nan,nan,nan,nan,nan,nan,nan,nan,nan,nan,nan,nan,nan,nan,nan,1,0
2026-07-09T16:19:01.005,9784.64,465,,0,nan,nan,nan,nan,nan,nan,nan,nan,nan,nan,nan,nan,nan,nan,nan,nan,1,0
2026-07-09T16:19:01.039,9784.671,466,,0,nan,nan,nan,nan,nan,nan,nan,nan,nan,nan,nan,nan,nan,nan,nan,nan,1,0
2026-07-09T16:19:01.071,9784.703,467,,0,nan,nan,nan,nan,nan,nan,nan,nan,nan,nan,nan,nan,nan,nan,nan,nan,1,0
2026-07-09T16:19:01.114,9784.75,468,,0,nan,nan,nan,nan,nan,nan,nan,nan,nan,nan,nan,nan,nan,nan,nan,nan,1,0
2026-07-09T16:19:01.145,9784.781,469,,0,nan,nan,nan,nan,nan,nan,nan,nan,nan,nan,nan,nan,nan,nan,nan,nan,1,0
2026-07-09T16:19:01.185,9784.812,470,,0,nan,nan,nan,nan,nan,nan,nan,nan,nan,nan,nan,nan,nan,nan,nan,nan,1,1
2026-07-09T16:19:01.224,9784.859,471,,0,nan,nan,nan,nan,nan,nan,nan,nan,nan,nan,nan,nan,nan,nan,nan,nan,1,1
2026-07-09T16:19:01.257,9784.89,472,,0,nan,nan,nan,nan,nan,nan,nan,nan,nan,nan,nan,nan,nan,nan,nan,nan,1,1
2026-07-09T16:19:01.323,9784.953,473,,0,nan,nan,nan,nan,nan,nan,nan,nan,nan,nan,nan,nan,nan,nan,nan,nan,1,1
2026-07-09T16:19:01.357,9784.984,474,,0,nan,nan,nan,nan,nan,nan,nan,nan,nan,nan,nan,nan,nan,nan,nan,nan,1,1
2026-07-09T16:19:01.400,9785.031,475,,0,nan,nan,nan,nan,nan,nan,nan,nan,nan,nan,nan,nan,nan,nan,nan,nan,1,1
2026-07-09T16:19:01.438,9785.062,476,,0,nan,nan,nan,nan,nan,nan,nan,nan,nan,nan,nan,nan,nan,nan,nan,nan,1,1
2026-07-09T16:19:01.479,9785.109,477,,0,nan,nan,nan,nan,nan,nan,nan,nan,nan,nan,nan,nan,nan,nan,nan,nan,1,1
2026-07-09T16:19:01.514,9785.14,478,,0,nan,nan,nan,nan,nan,nan,nan,nan,nan,nan,nan,nan,nan,nan,nan,nan,1,1
2026-07-09T16:19:01.550,9785.187,479,,0,nan,nan,nan,nan,nan,nan,nan,nan,nan,nan,nan,nan,nan,nan,nan,nan,1,1
2026-07-09T16:19:01.592,9785.218,480,,0,nan,nan,nan,nan,nan,nan,nan,nan,nan,nan,nan,nan,nan,nan,nan,nan,1,1
2026-07-09T16:19:01.625,9785.25,481,,0,nan,nan,nan,nan,nan,nan,nan,nan,nan,nan,nan,nan,nan,nan,nan,nan,1,1
2026-07-09T16:19:01.661,9785.296,482,,0,nan,nan,nan,nan,nan,nan,nan,nan,nan,nan,nan,nan,nan,nan,nan,nan,1,1
2026-07-09T16:19:01.698,9785.328,483,,0,nan,nan,nan,nan,nan,nan,nan,nan,nan,nan,nan,nan,nan,nan,nan,nan,1,1
2026-07-09T16:19:01.742,9785.375,484,,0,nan,nan,nan,nan,nan,nan,nan,nan,nan,nan,nan,nan,nan,nan,nan,nan,1,1
2026-07-09T16:19:01.770,9785.406,485,,0,nan,nan,nan,nan,nan,nan,nan,nan,nan,nan,nan,nan,nan,nan,nan,nan,1,1
2026-07-09T16:19:01.815,9785.453,486,,0,nan,nan,nan,nan,nan,nan,nan,nan,nan,nan,nan,nan,nan,nan,nan,nan,1,1
2026-07-09T16:19:01.850,9785.484,487,,0,nan,nan,nan,nan,nan,nan,nan,nan,nan,nan,nan,nan,nan,nan,nan,nan,1,1
2026-07-09T16:19:01.889,9785.515,488,,0,nan,nan,nan,nan,nan,nan,nan,nan,nan,nan,nan,nan,nan,nan,nan,nan,1,1
2026-07-09T16:19:01.933,9785.562,489,,0,nan,nan,nan,nan,nan,nan,nan,nan,nan,nan,nan,nan,nan,nan,nan,nan,1,1
2026-07-09T16:19:01.967,9785.593,490,,0,nan,nan,nan,nan,nan,nan,nan,nan,nan,nan,nan,nan,nan,nan,nan,nan,1,1
2026-07-09T16:19:02.007,9785.64,491,,0,nan,nan,nan,nan,nan,nan,nan,nan,nan,nan,nan,nan,nan,nan,nan,nan,1,1
2026-07-09T16:19:02.043,9785.671,492,,0,nan,nan,nan,nan,nan,nan,nan,nan,nan,nan,nan,nan,nan,nan,nan,nan,1,1
2026-07-09T16:19:02.077,9785.703,493,,0,nan,nan,nan,nan,nan,nan,nan,nan,nan,nan,nan,nan,nan,nan,nan,nan,1,1
2026-07-09T16:19:02.120,9785.75,494,,0,nan,nan,nan,nan,nan,nan,nan,nan,nan,nan,nan,nan,nan,nan,nan,nan,1,1
2026-07-09T16:19:02.158,9785.781,495,,0,nan,nan,nan,nan,nan,nan,nan,nan,nan,nan,nan,nan,nan,nan,nan,nan,1,1
2026-07-09T16:19:02.200,9785.828,496,,0,nan,nan,nan,nan,nan,nan,nan,nan,nan,nan,nan,nan,nan,nan,nan,nan,1,1
2026-07-09T16:19:02.240,9785.875,497,,0,nan,nan,nan,nan,nan,nan,nan,nan,nan,nan,nan,nan,nan,nan,nan,nan,1,1
2026-07-09T16:19:02.280,9785.906,498,,0,nan,nan,nan,nan,nan,nan,nan,nan,nan,nan,nan,nan,nan,nan,nan,nan,1,1
2026-07-09T16:19:02.319,9785.953,499,,0,nan,nan,nan,nan,nan,nan,nan,nan,nan,nan,nan,nan,nan,nan,nan,nan,1,1
2026-07-09T16:19:02.373,9786.0,500,,0,nan,nan,nan,nan,nan,nan,nan,nan,nan,nan,nan,nan,nan,nan,nan,nan,1,1
2026-07-09T16:19:02.428,9786.062,501,,0,nan,nan,nan,nan,nan,nan,nan,nan,nan,nan,nan,nan,nan,nan,nan,nan,1,1
2026-07-09T16:19:02.461,9786.093,502,,0,nan,nan,nan,nan,nan,nan,nan,nan,nan,nan,nan,nan,nan,nan,nan,nan,1,1
2026-07-09T16:19:02.514,9786.14,503,,0,nan,nan,nan,nan,nan,nan,nan,nan,nan,nan,nan,nan,nan,nan,nan,nan,1,1
2026-07-09T16:19:02.557,9786.187,504,,0,nan,nan,nan,nan,nan,nan,nan,nan,nan,nan,nan,nan,nan,nan,nan,nan,1,1
2026-07-09T16:19:02.590,9786.218,505,,0,nan,nan,nan,nan,nan,nan,nan,nan,nan,nan,nan,nan,nan,nan,nan,nan,1,1
2026-07-09T16:19:02.627,9786.25,506,,0,nan,nan,nan,nan,nan,nan,nan,nan,nan,nan,nan,nan,nan,nan,nan,nan,1,1
2026-07-09T16:19:02.670,9786.296,507,,0,nan,nan,nan,nan,nan,nan,nan,nan,nan,nan,nan,nan,nan,nan,nan,nan,1,1
2026-07-09T16:19:02.712,9786.343,508,,0,nan,nan,nan,nan,nan,nan,nan,nan,nan,nan,nan,nan,nan,nan,nan,nan,1,1
2026-07-09T16:19:02.748,9786.375,509,,0,nan,nan,nan,nan,nan,nan,nan,nan,nan,nan,nan,nan,nan,nan,nan,nan,1,1
2026-07-09T16:19:02.791,9786.421,510,,0,nan,nan,nan,nan,nan,nan,nan,nan,nan,nan,nan,nan,nan,nan,nan,nan,1,1
2026-07-09T16:19:02.833,9786.468,511,,0,nan,nan,nan,nan,nan,nan,nan,nan,nan,nan,nan,nan,nan,nan,nan,nan,1,1
2026-07-09T16:19:02.868,9786.5,512,,0,nan,nan,nan,nan,nan,nan,nan,nan,nan,nan,nan,nan,nan,nan,nan,nan,1,1
2026-07-09T16:19:02.915,9786.546,513,,0,nan,nan,nan,nan,nan,nan,nan,nan,nan,nan,nan,nan,nan,nan,nan,nan,1,1
2026-07-09T16:19:02.951,9786.578,514,,0,nan,nan,nan,nan,nan,nan,nan,nan,nan,nan,nan,nan,nan,nan,nan,nan,1,1
2026-07-09T16:19:02.986,9786.609,515,,0,nan,nan,nan,nan,nan,nan,nan,nan,nan,nan,nan,nan,nan,nan,nan,nan,1,1
2026-07-09T16:19:03.027,9786.656,516,,0,nan,nan,nan,nan,nan,nan,nan,nan,nan,nan,nan,nan,nan,nan,nan,nan,1,1
2026-07-09T16:19:03.049,9786.671,517,,0,nan,nan,nan,nan,nan,nan,nan,nan,nan,nan,nan,nan,nan,nan,nan,nan,1,1
2026-07-09T16:19:03.098,9786.734,518,,0,nan,nan,nan,nan,nan,nan,nan,nan,nan,nan,nan,nan,nan,nan,nan,nan,1,1
2026-07-09T16:19:03.134,9786.765,519,,0,nan,nan,nan,nan,nan,nan,nan,nan,nan,nan,nan,nan,nan,nan,nan,nan,1,1
2026-07-09T16:19:03.168,9786.796,520,,0,nan,nan,nan,nan,nan,nan,nan,nan,nan,nan,nan,nan,nan,nan,nan,nan,1,1
2026-07-09T16:19:03.195,9786.828,521,,0,nan,nan,nan,nan,nan,nan,nan,nan,nan,nan,nan,nan,nan,nan,nan,nan,1,1
2026-07-09T16:19:03.240,9786.875,522,,0,nan,nan,nan,nan,nan,nan,nan,nan,nan,nan,nan,nan,nan,nan,nan,nan,1,1
2026-07-09T16:19:03.276,9786.906,523,,0,nan,nan,nan,nan,nan,nan,nan,nan,nan,nan,nan,nan,nan,nan,nan,nan,1,1
2026-07-09T16:19:03.321,9786.953,524,,0,nan,nan,nan,nan,nan,nan,nan,nan,nan,nan,nan,nan,nan,nan,nan,nan,1,1
2026-07-09T16:19:03.358,9786.984,525,,0,nan,nan,nan,nan,nan,nan,nan,nan,nan,nan,nan,nan,nan,nan,nan,nan,1,1
2026-07-09T16:19:03.407,9787.031,526,,0,nan,nan,nan,nan,nan,nan,nan,nan,nan,nan,nan,nan,nan,nan,nan,nan,1,1
2026-07-09T16:19:03.448,9787.078,527,,0,nan,nan,nan,nan,nan,nan,nan,nan,nan,nan,nan,nan,nan,nan,nan,nan,1,1
2026-07-09T16:19:03.485,9787.109,528,,0,nan,nan,nan,nan,nan,nan,nan,nan,nan,nan,nan,nan,nan,nan,nan,nan,1,1
2026-07-09T16:19:03.521,9787.156,529,,0,nan,nan,nan,nan,nan,nan,nan,nan,nan,nan,nan,nan,nan,nan,nan,nan,1,1
2026-07-09T16:19:03.559,9787.187,530,,0,nan,nan,nan,nan,nan,nan,nan,nan,nan,nan,nan,nan,nan,nan,nan,nan,1,1
2026-07-09T16:19:03.593,9787.218,531,,0,nan,nan,nan,nan,nan,nan,nan,nan,nan,nan,nan,nan,nan,nan,nan,nan,1,1
2026-07-09T16:19:03.635,9787.265,532,,0,nan,nan,nan,nan,nan,nan,nan,nan,nan,nan,nan,nan,nan,nan,nan,nan,1,1
2026-07-09T16:19:03.660,9787.296,533,,0,nan,nan,nan,nan,nan,nan,nan,nan,nan,nan,nan,nan,nan,nan,nan,nan,1,1
2026-07-09T16:19:03.698,9787.328,534,,0,nan,nan,nan,nan,nan,nan,nan,nan,nan,nan,nan,nan,nan,nan,nan,nan,1,1
2026-07-09T16:19:03.739,9787.375,535,,0,nan,nan,nan,nan,nan,nan,nan,nan,nan,nan,nan,nan,nan,nan,nan,nan,1,1
2026-07-09T16:19:03.794,9787.421,536,,0,nan,nan,nan,nan,nan,nan,nan,nan,nan,nan,nan,nan,nan,nan,nan,nan,1,1
2026-07-09T16:19:03.846,9787.468,537,,0,nan,nan,nan,nan,nan,nan,nan,nan,nan,nan,nan,nan,nan,nan,nan,nan,1,1
2026-07-09T16:19:03.880,9787.515,538,,0,nan,nan,nan,nan,nan,nan,nan,nan,nan,nan,nan,nan,nan,nan,nan,nan,1,1
2026-07-09T16:19:03.938,9787.562,539,,0,nan,nan,nan,nan,nan,nan,nan,nan,nan,nan,nan,nan,nan,nan,nan,nan,1,1
2026-07-09T16:19:03.976,9787.609,540,,0,nan,nan,nan,nan,nan,nan,nan,nan,nan,nan,nan,nan,nan,nan,nan,nan,1,1
2026-07-09T16:19:04.010,9787.64,541,,0,nan,nan,nan,nan,nan,nan,nan,nan,nan,nan,nan,nan,nan,nan,nan,nan,1,1
2026-07-09T16:19:04.075,9787.703,542,,0,nan,nan,nan,nan,nan,nan,nan,nan,nan,nan,nan,nan,nan,nan,nan,nan,1,1
2026-07-09T16:19:04.113,9787.75,543,,0,nan,nan,nan,nan,nan,nan,nan,nan,nan,nan,nan,nan,nan,nan,nan,nan,1,1
2026-07-09T16:19:04.149,9787.781,544,,0,nan,nan,nan,nan,nan,nan,nan,nan,nan,nan,nan,nan,nan,nan,nan,nan,1,1
2026-07-09T16:19:04.205,9787.828,545,,0,nan,nan,nan,nan,nan,nan,nan,nan,nan,nan,nan,nan,nan,nan,nan,nan,1,1
2026-07-09T16:19:04.245,9787.875,546,,0,nan,nan,nan,nan,nan,nan,nan,nan,nan,nan,nan,nan,nan,nan,nan,nan,1,1
2026-07-09T16:19:04.282,9787.906,547,,0,nan,nan,nan,nan,nan,nan,nan,nan,nan,nan,nan,nan,nan,nan,nan,nan,1,1
2026-07-09T16:19:04.320,9787.953,548,,0,nan,nan,nan,nan,nan,nan,nan,nan,nan,nan,nan,nan,nan,nan,nan,nan,1,1
2026-07-09T16:19:04.353,9787.984,549,,0,nan,nan,nan,nan,nan,nan,nan,nan,nan,nan,nan,nan,nan,nan,nan,nan,1,1
2026-07-09T16:19:04.392,9788.015,550,,0,nan,nan,nan,nan,nan,nan,nan,nan,nan,nan,nan,nan,nan,nan,nan,nan,1,1
2026-07-09T16:19:04.424,9788.046,551,,0,nan,nan,nan,nan,nan,nan,nan,nan,nan,nan,nan,nan,nan,nan,nan,nan,1,1
2026-07-09T16:19:04.463,9788.093,552,,0,nan,nan,nan,nan,nan,nan,nan,nan,nan,nan,nan,nan,nan,nan,nan,nan,1,1
2026-07-09T16:19:04.505,9788.14,553,,0,nan,nan,nan,nan,nan,nan,nan,nan,nan,nan,nan,nan,nan,nan,nan,nan,1,1
2026-07-09T16:19:04.548,9788.171,554,,0,nan,nan,nan,nan,nan,nan,nan,nan,nan,nan,nan,nan,nan,nan,nan,nan,1,1
2026-07-09T16:19:04.588,9788.218,555,,0,nan,nan,nan,nan,nan,nan,nan,nan,nan,nan,nan,nan,nan,nan,nan,nan,1,1
2026-07-09T16:19:04.624,9788.25,556,,0,nan,nan,nan,nan,nan,nan,nan,nan,nan,nan,nan,nan,nan,nan,nan,nan,1,1
2026-07-09T16:19:04.665,9788.296,557,,0,nan,nan,nan,nan,nan,nan,nan,nan,nan,nan,nan,nan,nan,nan,nan,nan,1,1
2026-07-09T16:19:04.702,9788.328,558,,0,nan,nan,nan,nan,nan,nan,nan,nan,nan,nan,nan,nan,nan,nan,nan,nan,1,1
2026-07-09T16:19:04.736,9788.359,559,,0,nan,nan,nan,nan,nan,nan,nan,nan,nan,nan,nan,nan,nan,nan,nan,nan,1,1
2026-07-09T16:19:04.776,9788.406,560,,0,nan,nan,nan,nan,nan,nan,nan,nan,nan,nan,nan,nan,nan,nan,nan,nan,1,1
2026-07-09T16:19:04.812,9788.437,561,,0,nan,nan,nan,nan,nan,nan,nan,nan,nan,nan,nan,nan,nan,nan,nan,nan,1,1
2026-07-09T16:19:04.846,9788.468,562,,0,nan,nan,nan,nan,nan,nan,nan,nan,nan,nan,nan,nan,nan,nan,nan,nan,1,1
2026-07-09T16:19:04.883,9788.515,563,,0,nan,nan,nan,nan,nan,nan,nan,nan,nan,nan,nan,nan,nan,nan,nan,nan,1,1
2026-07-09T16:19:04.920,9788.546,564,,0,nan,nan,nan,nan,nan,nan,nan,nan,nan,nan,nan,nan,nan,nan,nan,nan,1,1
2026-07-09T16:19:04.957,9788.593,565,,0,nan,nan,nan,nan,nan,nan,nan,nan,nan,nan,nan,nan,nan,nan,nan,nan,1,1
2026-07-09T16:19:04.996,9788.625,566,,0,nan,nan,nan,nan,nan,nan,nan,nan,nan,nan,nan,nan,nan,nan,nan,nan,1,1
2026-07-09T16:19:05.037,9788.671,567,,0,nan,nan,nan,nan,nan,nan,nan,nan,nan,nan,nan,nan,nan,nan,nan,nan,1,1
2026-07-09T16:19:05.073,9788.703,568,,0,nan,nan,nan,nan,nan,nan,nan,nan,nan,nan,nan,nan,nan,nan,nan,nan,1,1
2026-07-09T16:19:05.113,9788.75,569,,0,nan,nan,nan,nan,nan,nan,nan,nan,nan,nan,nan,nan,nan,nan,nan,nan,1,1
2026-07-09T16:19:05.148,9788.781,570,,0,nan,nan,nan,nan,nan,nan,nan,nan,nan,nan,nan,nan,nan,nan,nan,nan,1,1
2026-07-09T16:19:05.185,9788.812,571,,0,nan,nan,nan,nan,nan,nan,nan,nan,nan,nan,nan,nan,nan,nan,nan,nan,1,1
2026-07-09T16:19:05.231,9788.859,572,,0,nan,nan,nan,nan,nan,nan,nan,nan,nan,nan,nan,nan,nan,nan,nan,nan,1,1
2026-07-09T16:19:05.267,9788.89,573,,0,nan,nan,nan,nan,nan,nan,nan,nan,nan,nan,nan,nan,nan,nan,nan,nan,1,1
2026-07-09T16:19:05.303,9788.937,574,,0,nan,nan,nan,nan,nan,nan,nan,nan,nan,nan,nan,nan,nan,nan,nan,nan,1,1
2026-07-09T16:19:05.339,9788.968,575,,0,nan,nan,nan,nan,nan,nan,nan,nan,nan,nan,nan,nan,nan,nan,nan,nan,1,1
2026-07-09T16:19:05.374,9789.0,576,,0,nan,nan,nan,nan,nan,nan,nan,nan,nan,nan,nan,nan,nan,nan,nan,nan,1,1
2026-07-09T16:19:05.415,9789.046,577,,0,nan,nan,nan,nan,nan,nan,nan,nan,nan,nan,nan,nan,nan,nan,nan,nan,1,1
2026-07-09T16:19:05.458,9789.093,578,,0,nan,nan,nan,nan,nan,nan,nan,nan,nan,nan,nan,nan,nan,nan,nan,nan,1,1
2026-07-09T16:19:05.497,9789.125,579,,0,nan,nan,nan,nan,nan,nan,nan,nan,nan,nan,nan,nan,nan,nan,nan,nan,1,1
2026-07-09T16:19:05.537,9789.171,580,,0,nan,nan,nan,nan,nan,nan,nan,nan,nan,nan,nan,nan,nan,nan,nan,nan,1,1
2026-07-09T16:19:05.576,9789.203,581,,0,nan,nan,nan,nan,nan,nan,nan,nan,nan,nan,nan,nan,nan,nan,nan,nan,1,1
2026-07-09T16:19:05.617,9789.25,582,,0,nan,nan,nan,nan,nan,nan,nan,nan,nan,nan,nan,nan,nan,nan,nan,nan,1,1
2026-07-09T16:19:05.653,9789.281,583,,0,nan,nan,nan,nan,nan,nan,nan,nan,nan,nan,nan,nan,nan,nan,nan,nan,1,1
2026-07-09T16:19:05.688,9789.312,584,,0,nan,nan,nan,nan,nan,nan,nan,nan,nan,nan,nan,nan,nan,nan,nan,nan,1,1
2026-07-09T16:19:05.722,9789.359,585,,0,nan,nan,nan,nan,nan,nan,nan,nan,nan,nan,nan,nan,nan,nan,nan,nan,1,1
2026-07-09T16:19:05.760,9789.39,586,,0,nan,nan,nan,nan,nan,nan,nan,nan,nan,nan,nan,nan,nan,nan,nan,nan,1,1
2026-07-09T16:19:05.801,9789.437,587,,0,nan,nan,nan,nan,nan,nan,nan,nan,nan,nan,nan,nan,nan,nan,nan,nan,1,1
2026-07-09T16:19:05.837,9789.468,588,,0,nan,nan,nan,nan,nan,nan,nan,nan,nan,nan,nan,nan,nan,nan,nan,nan,1,1
2026-07-09T16:19:05.881,9789.515,589,,0,nan,nan,nan,nan,nan,nan,nan,nan,nan,nan,nan,nan,nan,nan,nan,nan,1,1
2026-07-09T16:19:05.915,9789.546,590,,0,nan,nan,nan,nan,nan,nan,nan,nan,nan,nan,nan,nan,nan,nan,nan,nan,1,1
2026-07-09T16:19:05.960,9789.593,591,,0,nan,nan,nan,nan,nan,nan,nan,nan,nan,nan,nan,nan,nan,nan,nan,nan,1,1
2026-07-09T16:19:05.999,9789.625,592,,0,nan,nan,nan,nan,nan,nan,nan,nan,nan,nan,nan,nan,nan,nan,nan,nan,1,1
2026-07-09T16:19:06.042,9789.671,593,,0,nan,nan,nan,nan,nan,nan,nan,nan,nan,nan,nan,nan,nan,nan,nan,nan,1,1
2026-07-09T16:19:06.083,9789.718,594,,0,nan,nan,nan,nan,nan,nan,nan,nan,nan,nan,nan,nan,nan,nan,nan,nan,1,1
2026-07-09T16:19:06.138,9789.765,595,,0,nan,nan,nan,nan,nan,nan,nan,nan,nan,nan,nan,nan,nan,nan,nan,nan,1,1
2026-07-09T16:19:06.197,9789.828,596,,0,nan,nan,nan,nan,nan,nan,nan,nan,nan,nan,nan,nan,nan,nan,nan,nan,1,1
2026-07-09T16:19:06.230,9789.859,597,,0,nan,nan,nan,nan,nan,nan,nan,nan,nan,nan,nan,nan,nan,nan,nan,nan,1,1
2026-07-09T16:19:06.265,9789.89,598,,0,nan,nan,nan,nan,nan,nan,nan,nan,nan,nan,nan,nan,nan,nan,nan,nan,1,1
2026-07-09T16:19:06.311,9789.937,599,,0,nan,nan,nan,nan,nan,nan,nan,nan,nan,nan,nan,nan,nan,nan,nan,nan,1,1
2026-07-09T16:19:06.349,9789.984,600,,0,nan,nan,nan,nan,nan,nan,nan,nan,nan,nan,nan,nan,nan,nan,nan,nan,1,1
2026-07-09T16:19:06.391,9790.015,601,,0,nan,nan,nan,nan,nan,nan,nan,nan,nan,nan,nan,nan,nan,nan,nan,nan,1,1
2026-07-09T16:19:06.429,9790.062,602,,0,nan,nan,nan,nan,nan,nan,nan,nan,nan,nan,nan,nan,nan,nan,nan,nan,1,1
2026-07-09T16:19:06.472,9790.109,603,,0,nan,nan,nan,nan,nan,nan,nan,nan,nan,nan,nan,nan,nan,nan,nan,nan,1,1
2026-07-09T16:19:06.510,9790.14,604,,0,nan,nan,nan,nan,nan,nan,nan,nan,nan,nan,nan,nan,nan,nan,nan,nan,1,1
2026-07-09T16:19:06.547,9790.171,605,,0,nan,nan,nan,nan,nan,nan,nan,nan,nan,nan,nan,nan,nan,nan,nan,nan,1,1
2026-07-09T16:19:06.592,9790.218,606,,0,nan,nan,nan,nan,nan,nan,nan,nan,nan,nan,nan,nan,nan,nan,nan,nan,1,1
2026-07-09T16:19:06.628,9790.25,607,,0,nan,nan,nan,nan,nan,nan,nan,nan,nan,nan,nan,nan,nan,nan,nan,nan,1,1
2026-07-09T16:19:06.672,9790.296,608,,0,nan,nan,nan,nan,nan,nan,nan,nan,nan,nan,nan,nan,nan,nan,nan,nan,1,1
2026-07-09T16:19:06.712,9790.343,609,,0,nan,nan,nan,nan,nan,nan,nan,nan,nan,nan,nan,nan,nan,nan,nan,nan,1,1
2026-07-09T16:19:06.752,9790.375,610,,0,nan,nan,nan,nan,nan,nan,nan,nan,nan,nan,nan,nan,nan,nan,nan,nan,1,1
2026-07-09T16:19:06.793,9790.421,611,,0,nan,nan,nan,nan,nan,nan,nan,nan,nan,nan,nan,nan,nan,nan,nan,nan,1,1
2026-07-09T16:19:06.836,9790.468,612,,0,nan,nan,nan,nan,nan,nan,nan,nan,nan,nan,nan,nan,nan,nan,nan,nan,1,1
2026-07-09T16:19:06.871,9790.5,613,,0,nan,nan,nan,nan,nan,nan,nan,nan,nan,nan,nan,nan,nan,nan,nan,nan,1,1
2026-07-09T16:19:06.923,9790.546,614,,0,nan,nan,nan,nan,nan,nan,nan,nan,nan,nan,nan,nan,nan,nan,nan,nan,1,1
2026-07-09T16:19:06.988,9790.625,615,,0,nan,nan,nan,nan,nan,nan,nan,nan,nan,nan,nan,nan,nan,nan,nan,nan,1,1
2026-07-09T16:19:07.049,9790.671,616,,0,nan,nan,nan,nan,nan,nan,nan,nan,nan,nan,nan,nan,nan,nan,nan,nan,1,1
2026-07-09T16:19:07.086,9790.718,617,,0,nan,nan,nan,nan,nan,nan,nan,nan,nan,nan,nan,nan,nan,nan,nan,nan,1,1
2026-07-09T16:19:07.139,9790.765,618,,0,nan,nan,nan,nan,nan,nan,nan,nan,nan,nan,nan,nan,nan,nan,nan,nan,1,1
2026-07-09T16:19:07.176,9790.812,619,,0,nan,nan,nan,nan,nan,nan,nan,nan,nan,nan,nan,nan,nan,nan,nan,nan,1,1
2026-07-09T16:19:07.209,9790.843,620,,0,nan,nan,nan,nan,nan,nan,nan,nan,nan,nan,nan,nan,nan,nan,nan,nan,1,1
2026-07-09T16:19:07.247,9790.875,621,,0,nan,nan,nan,nan,nan,nan,nan,nan,nan,nan,nan,nan,nan,nan,nan,nan,1,1
2026-07-09T16:19:07.274,9790.906,622,,0,nan,nan,nan,nan,nan,nan,nan,nan,nan,nan,nan,nan,nan,nan,nan,nan,1,1
2026-07-09T16:19:07.321,9790.953,623,,0,nan,nan,nan,nan,nan,nan,nan,nan,nan,nan,nan,nan,nan,nan,nan,nan,1,1
2026-07-09T16:19:07.356,9790.984,624,,0,nan,nan,nan,nan,nan,nan,nan,nan,nan,nan,nan,nan,nan,nan,nan,nan,1,1
2026-07-09T16:19:07.412,9791.046,625,,0,nan,nan,nan,nan,nan,nan,nan,nan,nan,nan,nan,nan,nan,nan,nan,nan,1,1
2026-07-09T16:19:07.472,9791.109,626,,0,nan,nan,nan,nan,nan,nan,nan,nan,nan,nan,nan,nan,nan,nan,nan,nan,1,1
2026-07-09T16:19:07.513,9791.14,627,,0,nan,nan,nan,nan,nan,nan,nan,nan,nan,nan,nan,nan,nan,nan,nan,nan,1,1
2026-07-09T16:19:07.574,9791.203,628,,0,nan,nan,nan,nan,nan,nan,nan,nan,nan,nan,nan,nan,nan,nan,nan,nan,1,1
2026-07-09T16:19:07.613,9791.25,629,,0,nan,nan,nan,nan,nan,nan,nan,nan,nan,nan,nan,nan,nan,nan,nan,nan,1,0
2026-07-09T16:19:07.646,9791.281,630,,0,nan,nan,nan,nan,nan,nan,nan,nan,nan,nan,nan,nan,nan,nan,nan,nan,1,1
2026-07-09T16:19:07.694,9791.328,631,,0,nan,nan,nan,nan,nan,nan,nan,nan,nan,nan,nan,nan,nan,nan,nan,nan,1,0
2026-07-09T16:19:07.725,9791.359,632,,0,nan,nan,nan,nan,nan,nan,nan,nan,nan,nan,nan,nan,nan,nan,nan,nan,1,1
2026-07-09T16:19:07.773,9791.406,633,,0,nan,nan,nan,nan,nan,nan,nan,nan,nan,nan,nan,nan,nan,nan,nan,nan,1,0
2026-07-09T16:19:07.814,9791.437,634,,0,nan,nan,nan,nan,nan,nan,nan,nan,nan,nan,nan,nan,nan,nan,nan,nan,1,0
2026-07-09T16:19:07.850,9791.484,635,,0,nan,nan,nan,nan,nan,nan,nan,nan,nan,nan,nan,nan,nan,nan,nan,nan,1,0
2026-07-09T16:19:07.898,9791.531,636,,0,nan,nan,nan,nan,nan,nan,nan,nan,nan,nan,nan,nan,nan,nan,nan,nan,1,0
2026-07-09T16:19:07.931,9791.562,637,,0,nan,nan,nan,nan,nan,nan,nan,nan,nan,nan,nan,nan,nan,nan,nan,nan,1,0
2026-07-09T16:19:07.980,9791.609,638,,0,nan,nan,nan,nan,nan,nan,nan,nan,nan,nan,nan,nan,nan,nan,nan,nan,1,0
2026-07-09T16:19:08.021,9791.656,639,,0,nan,nan,nan,nan,nan,nan,nan,nan,nan,nan,nan,nan,nan,nan,nan,nan,1,0
2026-07-09T16:19:08.057,9791.687,640,,0,nan,nan,nan,nan,nan,nan,nan,nan,nan,nan,nan,nan,nan,nan,nan,nan,1,0
2026-07-09T16:19:08.096,9791.718,641,,0,nan,nan,nan,nan,nan,nan,nan,nan,nan,nan,nan,nan,nan,nan,nan,nan,1,0
2026-07-09T16:19:08.121,9791.75,642,,0,nan,nan,nan,nan,nan,nan,nan,nan,nan,nan,nan,nan,nan,nan,nan,nan,1,0
2026-07-09T16:19:08.170,9791.796,643,,0,nan,nan,nan,nan,nan,nan,nan,nan,nan,nan,nan,nan,nan,nan,nan,nan,1,0
2026-07-09T16:19:08.204,9791.828,644,,0,nan,nan,nan,nan,nan,nan,nan,nan,nan,nan,nan,nan,nan,nan,nan,nan,1,0
2026-07-09T16:19:08.246,9791.875,645,,0,nan,nan,nan,nan,nan,nan,nan,nan,nan,nan,nan,nan,nan,nan,nan,nan,1,1
2026-07-09T16:19:08.308,9791.937,646,,0,nan,nan,nan,nan,nan,nan,nan,nan,nan,nan,nan,nan,nan,nan,nan,nan,1,1
2026-07-09T16:19:08.340,9791.968,647,,0,nan,nan,nan,nan,nan,nan,nan,nan,nan,nan,nan,nan,nan,nan,nan,nan,1,1
2026-07-09T16:19:08.394,9792.031,648,,0,nan,nan,nan,nan,nan,nan,nan,nan,nan,nan,nan,nan,nan,nan,nan,nan,1,1
2026-07-09T16:19:08.426,9792.062,649,,0,nan,nan,nan,nan,nan,nan,nan,nan,nan,nan,nan,nan,nan,nan,nan,nan,1,1
2026-07-09T16:19:08.465,9792.093,650,,0,nan,nan,nan,nan,nan,nan,nan,nan,nan,nan,nan,nan,nan,nan,nan,nan,1,1
2026-07-09T16:19:08.490,9792.125,651,,0,nan,nan,nan,nan,nan,nan,nan,nan,nan,nan,nan,nan,nan,nan,nan,nan,1,1
2026-07-09T16:19:08.537,9792.171,652,,0,nan,nan,nan,nan,nan,nan,nan,nan,nan,nan,nan,nan,nan,nan,nan,nan,1,1
2026-07-09T16:19:08.580,9792.203,653,,0,nan,nan,nan,nan,nan,nan,nan,nan,nan,nan,nan,nan,nan,nan,nan,nan,1,1
2026-07-09T16:19:08.620,9792.25,654,,0,nan,nan,nan,nan,nan,nan,nan,nan,nan,nan,nan,nan,nan,nan,nan,nan,1,1
2026-07-09T16:19:08.652,9792.281,655,,0,nan,nan,nan,nan,nan,nan,nan,nan,nan,nan,nan,nan,nan,nan,nan,nan,1,1
2026-07-09T16:19:08.699,9792.328,656,,0,nan,nan,nan,nan,nan,nan,nan,nan,nan,nan,nan,nan,nan,nan,nan,nan,1,1
2026-07-09T16:19:08.736,9792.359,657,,0,nan,nan,nan,nan,nan,nan,nan,nan,nan,nan,nan,nan,nan,nan,nan,nan,1,1
2026-07-09T16:19:08.768,9792.39,658,,0,nan,nan,nan,nan,nan,nan,nan,nan,nan,nan,nan,nan,nan,nan,nan,nan,1,1
2026-07-09T16:19:08.810,9792.437,659,,0,nan,nan,nan,nan,nan,nan,nan,nan,nan,nan,nan,nan,nan,nan,nan,nan,1,1
2026-07-09T16:19:08.852,9792.484,660,,0,nan,nan,nan,nan,nan,nan,nan,nan,nan,nan,nan,nan,nan,nan,nan,nan,1,1
2026-07-09T16:19:08.889,9792.515,661,,0,nan,nan,nan,nan,nan,nan,nan,nan,nan,nan,nan,nan,nan,nan,nan,nan,1,1
2026-07-09T16:19:08.942,9792.578,662,,0,nan,nan,nan,nan,nan,nan,nan,nan,nan,nan,nan,nan,nan,nan,nan,nan,1,1
2026-07-09T16:19:08.983,9792.609,663,,0,nan,nan,nan,nan,nan,nan,nan,nan,nan,nan,nan,nan,nan,nan,nan,nan,1,1
2026-07-09T16:19:09.017,9792.64,664,,0,nan,nan,nan,nan,nan,nan,nan,nan,nan,nan,nan,nan,nan,nan,nan,nan,1,1
2026-07-09T16:19:09.062,9792.687,665,,0,nan,nan,nan,nan,nan,nan,nan,nan,nan,nan,nan,nan,nan,nan,nan,nan,1,1
2026-07-09T16:19:09.097,9792.734,666,,0,nan,nan,nan,nan,nan,nan,nan,nan,nan,nan,nan,nan,nan,nan,nan,nan,1,1
2026-07-09T16:19:09.138,9792.765,667,,0,nan,nan,nan,nan,nan,nan,nan,nan,nan,nan,nan,nan,nan,nan,nan,nan,1,1
2026-07-09T16:19:09.176,9792.812,668,,0,nan,nan,nan,nan,nan,nan,nan,nan,nan,nan,nan,nan,nan,nan,nan,nan,1,1
2026-07-09T16:19:09.210,9792.843,669,,0,nan,nan,nan,nan,nan,nan,nan,nan,nan,nan,nan,nan,nan,nan,nan,nan,1,1
2026-07-09T16:19:09.250,9792.875,670,,0,nan,nan,nan,nan,nan,nan,nan,nan,nan,nan,nan,nan,nan,nan,nan,nan,1,1
2026-07-09T16:19:09.292,9792.921,671,,0,nan,nan,nan,nan,nan,nan,nan,nan,nan,nan,nan,nan,nan,nan,nan,nan,1,1
2026-07-09T16:19:09.326,9792.953,672,,0,nan,nan,nan,nan,nan,nan,nan,nan,nan,nan,nan,nan,nan,nan,nan,nan,1,1
2026-07-09T16:19:09.366,9793.0,673,,0,nan,nan,nan,nan,nan,nan,nan,nan,nan,nan,nan,nan,nan,nan,nan,nan,1,1
2026-07-09T16:19:09.401,9793.031,674,,0,nan,nan,nan,nan,nan,nan,nan,nan,nan,nan,nan,nan,nan,nan,nan,nan,1,1
2026-07-09T16:19:09.447,9793.078,675,,0,nan,nan,nan,nan,nan,nan,nan,nan,nan,nan,nan,nan,nan,nan,nan,nan,1,1
2026-07-09T16:19:09.483,9793.109,676,,0,nan,nan,nan,nan,nan,nan,nan,nan,nan,nan,nan,nan,nan,nan,nan,nan,1,1
2026-07-09T16:19:09.526,9793.156,677,,0,nan,nan,nan,nan,nan,nan,nan,nan,nan,nan,nan,nan,nan,nan,nan,nan,1,1
2026-07-09T16:19:09.559,9793.187,678,,0,nan,nan,nan,nan,nan,nan,nan,nan,nan,nan,nan,nan,nan,nan,nan,nan,1,1
2026-07-09T16:19:09.596,9793.218,679,,0,nan,nan,nan,nan,nan,nan,nan,nan,nan,nan,nan,nan,nan,nan,nan,nan,1,1
2026-07-09T16:19:09.632,9793.265,680,,0,nan,nan,nan,nan,nan,nan,nan,nan,nan,nan,nan,nan,nan,nan,nan,nan,1,1
2026-07-09T16:19:09.672,9793.296,681,,0,nan,nan,nan,nan,nan,nan,nan,nan,nan,nan,nan,nan,nan,nan,nan,nan,1,1
2026-07-09T16:19:09.706,9793.328,682,,0,nan,nan,nan,nan,nan,nan,nan,nan,nan,nan,nan,nan,nan,nan,nan,nan,1,1
2026-07-09T16:19:09.746,9793.375,683,,0,nan,nan,nan,nan,nan,nan,nan,nan,nan,nan,nan,nan,nan,nan,nan,nan,1,1
2026-07-09T16:19:09.786,9793.421,684,,0,nan,nan,nan,nan,nan,nan,nan,nan,nan,nan,nan,nan,nan,nan,nan,nan,1,1
2026-07-09T16:19:09.818,9793.453,685,,0,nan,nan,nan,nan,nan,nan,nan,nan,nan,nan,nan,nan,nan,nan,nan,nan,1,1
2026-07-09T16:19:09.864,9793.5,686,,0,nan,nan,nan,nan,nan,nan,nan,nan,nan,nan,nan,nan,nan,nan,nan,nan,1,1
2026-07-09T16:19:09.901,9793.531,687,,0,nan,nan,nan,nan,nan,nan,nan,nan,nan,nan,nan,nan,nan,nan,nan,nan,1,1
2026-07-09T16:19:09.937,9793.562,688,,0,nan,nan,nan,nan,nan,nan,nan,nan,nan,nan,nan,nan,nan,nan,nan,nan,1,1
2026-07-09T16:19:09.984,9793.609,689,,0,nan,nan,nan,nan,nan,nan,nan,nan,nan,nan,nan,nan,nan,nan,nan,nan,1,1
2026-07-09T16:19:10.021,9793.656,690,,0,nan,nan,nan,nan,nan,nan,nan,nan,nan,nan,nan,nan,nan,nan,nan,nan,1,1
2026-07-09T16:19:10.065,9793.687,691,,0,nan,nan,nan,nan,nan,nan,nan,nan,nan,nan,nan,nan,nan,nan,nan,nan,1,1
2026-07-09T16:19:10.106,9793.734,692,,0,nan,nan,nan,nan,nan,nan,nan,nan,nan,nan,nan,nan,nan,nan,nan,nan,1,1
2026-07-09T16:19:10.146,9793.781,693,,0,nan,nan,nan,nan,nan,nan,nan,nan,nan,nan,nan,nan,nan,nan,nan,nan,1,1
2026-07-09T16:19:10.192,9793.828,694,,0,nan,nan,nan,nan,nan,nan,nan,nan,nan,nan,nan,nan,nan,nan,nan,nan,1,1
2026-07-09T16:19:10.234,9793.859,695,,0,nan,nan,nan,nan,nan,nan,nan,nan,nan,nan,nan,nan,nan,nan,nan,nan,1,1
2026-07-09T16:19:10.269,9793.906,696,,0,nan,nan,nan,nan,nan,nan,nan,nan,nan,nan,nan,nan,nan,nan,nan,nan,1,1
2026-07-09T16:19:10.326,9793.953,697,,0,nan,nan,nan,nan,nan,nan,nan,nan,nan,nan,nan,nan,nan,nan,nan,nan,1,1
2026-07-09T16:19:10.360,9793.984,698,,0,nan,nan,nan,nan,nan,nan,nan,nan,nan,nan,nan,nan,nan,nan,nan,nan,1,1
2026-07-09T16:19:10.394,9794.031,699,,0,nan,nan,nan,nan,nan,nan,nan,nan,nan,nan,nan,nan,nan,nan,nan,nan,1,1
2026-07-09T16:19:10.439,9794.062,700,,0,nan,nan,nan,nan,nan,nan,nan,nan,nan,nan,nan,nan,nan,nan,nan,nan,1,1
2026-07-09T16:19:10.474,9794.109,701,,0,nan,nan,nan,nan,nan,nan,nan,nan,nan,nan,nan,nan,nan,nan,nan,nan,1,1
2026-07-09T16:19:10.509,9794.14,702,,0,nan,nan,nan,nan,nan,nan,nan,nan,nan,nan,nan,nan,nan,nan,nan,nan,1,1
2026-07-09T16:19:10.552,9794.187,703,,0,nan,nan,nan,nan,nan,nan,nan,nan,nan,nan,nan,nan,nan,nan,nan,nan,1,1
2026-07-09T16:19:10.594,9794.218,704,,0,nan,nan,nan,nan,nan,nan,nan,nan,nan,nan,nan,nan,nan,nan,nan,nan,1,1
2026-07-09T16:19:10.626,9794.25,705,,0,nan,nan,nan,nan,nan,nan,nan,nan,nan,nan,nan,nan,nan,nan,nan,nan,1,1
2026-07-09T16:19:10.666,9794.296,706,,0,nan,nan,nan,nan,nan,nan,nan,nan,nan,nan,nan,nan,nan,nan,nan,nan,1,1
2026-07-09T16:19:10.696,9794.328,707,,0,nan,nan,nan,nan,nan,nan,nan,nan,nan,nan,nan,nan,nan,nan,nan,nan,1,1
2026-07-09T16:19:10.741,9794.375,708,,0,nan,nan,nan,nan,nan,nan,nan,nan,nan,nan,nan,nan,nan,nan,nan,nan,1,1
2026-07-09T16:19:10.780,9794.406,709,,0,nan,nan,nan,nan,nan,nan,nan,nan,nan,nan,nan,nan,nan,nan,nan,nan,1,1
2026-07-09T16:19:10.816,9794.453,710,,0,nan,nan,nan,nan,nan,nan,nan,nan,nan,nan,nan,nan,nan,nan,nan,nan,1,1
2026-07-09T16:19:10.857,9794.484,711,,0,nan,nan,nan,nan,nan,nan,nan,nan,nan,nan,nan,nan,nan,nan,nan,nan,1,1
2026-07-09T16:19:10.899,9794.531,712,,0,nan,nan,nan,nan,nan,nan,nan,nan,nan,nan,nan,nan,nan,nan,nan,nan,1,1
2026-07-09T16:19:10.933,9794.562,713,,0,nan,nan,nan,nan,nan,nan,nan,nan,nan,nan,nan,nan,nan,nan,nan,nan,1,1
2026-07-09T16:19:10.972,9794.609,714,,0,nan,nan,nan,nan,nan,nan,nan,nan,nan,nan,nan,nan,nan,nan,nan,nan,1,1
2026-07-09T16:19:11.011,9794.64,715,,0,nan,nan,nan,nan,nan,nan,nan,nan,nan,nan,nan,nan,nan,nan,nan,nan,1,1
2026-07-09T16:19:11.049,9794.671,716,,0,nan,nan,nan,nan,nan,nan,nan,nan,nan,nan,nan,nan,nan,nan,nan,nan,1,1
2026-07-09T16:19:11.083,9794.718,717,,0,nan,nan,nan,nan,nan,nan,nan,nan,nan,nan,nan,nan,nan,nan,nan,nan,1,1
2026-07-09T16:19:11.127,9794.75,718,,0,nan,nan,nan,nan,nan,nan,nan,nan,nan,nan,nan,nan,nan,nan,nan,nan,1,1
2026-07-09T16:19:11.163,9794.796,719,,0,nan,nan,nan,nan,nan,nan,nan,nan,nan,nan,nan,nan,nan,nan,nan,nan,1,1
2026-07-09T16:19:11.200,9794.828,720,,0,nan,nan,nan,nan,nan,nan,nan,nan,nan,nan,nan,nan,nan,nan,nan,nan,1,1
2026-07-09T16:19:11.234,9794.859,721,,0,nan,nan,nan,nan,nan,nan,nan,nan,nan,nan,nan,nan,nan,nan,nan,nan,1,1
2026-07-09T16:19:11.279,9794.906,722,,0,nan,nan,nan,nan,nan,nan,nan,nan,nan,nan,nan,nan,nan,nan,nan,nan,1,1
2026-07-09T16:19:11.332,9794.968,723,,0,nan,nan,nan,nan,nan,nan,nan,nan,nan,nan,nan,nan,nan,nan,nan,nan,1,1
2026-07-09T16:19:11.370,9795.0,724,,0,nan,nan,nan,nan,nan,nan,nan,nan,nan,nan,nan,nan,nan,nan,nan,nan,1,1
2026-07-09T16:19:11.415,9795.046,725,,0,nan,nan,nan,nan,nan,nan,nan,nan,nan,nan,nan,nan,nan,nan,nan,nan,1,1
2026-07-09T16:19:11.459,9795.093,726,,0,nan,nan,nan,nan,nan,nan,nan,nan,nan,nan,nan,nan,nan,nan,nan,nan,1,1
2026-07-09T16:19:11.493,9795.125,727,,0,nan,nan,nan,nan,nan,nan,nan,nan,nan,nan,nan,nan,nan,nan,nan,nan,1,1
2026-07-09T16:19:11.534,9795.156,728,,0,nan,nan,nan,nan,nan,nan,nan,nan,nan,nan,nan,nan,nan,nan,nan,nan,1,1
2026-07-09T16:19:11.570,9795.203,729,,0,nan,nan,nan,nan,nan,nan,nan,nan,nan,nan,nan,nan,nan,nan,nan,nan,1,1
2026-07-09T16:19:11.611,9795.234,730,,0,nan,nan,nan,nan,nan,nan,nan,nan,nan,nan,nan,nan,nan,nan,nan,nan,1,1
2026-07-09T16:19:11.648,9795.281,731,,0,nan,nan,nan,nan,nan,nan,nan,nan,nan,nan,nan,nan,nan,nan,nan,nan,1,1
2026-07-09T16:19:11.684,9795.312,732,,0,nan,nan,nan,nan,nan,nan,nan,nan,nan,nan,nan,nan,nan,nan,nan,nan,1,1
2026-07-09T16:19:11.718,9795.343,733,,0,nan,nan,nan,nan,nan,nan,nan,nan,nan,nan,nan,nan,nan,nan,nan,nan,1,1
2026-07-09T16:19:11.754,9795.39,734,,0,nan,nan,nan,nan,nan,nan,nan,nan,nan,nan,nan,nan,nan,nan,nan,nan,1,1
2026-07-09T16:19:11.793,9795.421,735,,0,nan,nan,nan,nan,nan,nan,nan,nan,nan,nan,nan,nan,nan,nan,nan,nan,1,1
2026-07-09T16:19:11.829,9795.453,736,,0,nan,nan,nan,nan,nan,nan,nan,nan,nan,nan,nan,nan,nan,nan,nan,nan,1,1
2026-07-09T16:19:11.865,9795.5,737,,0,nan,nan,nan,nan,nan,nan,nan,nan,nan,nan,nan,nan,nan,nan,nan,nan,1,1
2026-07-09T16:19:11.900,9795.531,738,,0,nan,nan,nan,nan,nan,nan,nan,nan,nan,nan,nan,nan,nan,nan,nan,nan,1,1
2026-07-09T16:19:11.935,9795.562,739,,0,nan,nan,nan,nan,nan,nan,nan,nan,nan,nan,nan,nan,nan,nan,nan,nan,1,1
2026-07-09T16:19:11.976,9795.609,740,,0,nan,nan,nan,nan,nan,nan,nan,nan,nan,nan,nan,nan,nan,nan,nan,nan,1,1
2026-07-09T16:19:12.014,9795.64,741,,0,nan,nan,nan,nan,nan,nan,nan,nan,nan,nan,nan,nan,nan,nan,nan,nan,1,1
2026-07-09T16:19:12.059,9795.687,742,,0,nan,nan,nan,nan,nan,nan,nan,nan,nan,nan,nan,nan,nan,nan,nan,nan,1,1
2026-07-09T16:19:12.091,9795.718,743,,0,nan,nan,nan,nan,nan,nan,nan,nan,nan,nan,nan,nan,nan,nan,nan,nan,1,1
2026-07-09T16:19:12.126,9795.75,744,,0,nan,nan,nan,nan,nan,nan,nan,nan,nan,nan,nan,nan,nan,nan,nan,nan,1,1
2026-07-09T16:19:12.160,9795.796,745,,0,nan,nan,nan,nan,nan,nan,nan,nan,nan,nan,nan,nan,nan,nan,nan,nan,1,1
2026-07-09T16:19:12.196,9795.828,746,,0,nan,nan,nan,nan,nan,nan,nan,nan,nan,nan,nan,nan,nan,nan,nan,nan,1,1
2026-07-09T16:19:12.231,9795.859,747,,0,nan,nan,nan,nan,nan,nan,nan,nan,nan,nan,nan,nan,nan,nan,nan,nan,1,1
2026-07-09T16:19:12.272,9795.906,748,,0,nan,nan,nan,nan,nan,nan,nan,nan,nan,nan,nan,nan,nan,nan,nan,nan,1,1
2026-07-09T16:19:12.311,9795.937,749,,0,nan,nan,nan,nan,nan,nan,nan,nan,nan,nan,nan,nan,nan,nan,nan,nan,1,1
2026-07-09T16:19:12.344,9795.968,750,,0,nan,nan,nan,nan,nan,nan,nan,nan,nan,nan,nan,nan,nan,nan,nan,nan,1,1
2026-07-09T16:19:12.378,9796.0,751,,0,nan,nan,nan,nan,nan,nan,nan,nan,nan,nan,nan,nan,nan,nan,nan,nan,1,1
2026-07-09T16:19:12.409,9796.031,752,,0,nan,nan,nan,nan,nan,nan,nan,nan,nan,nan,nan,nan,nan,nan,nan,nan,1,1
2026-07-09T16:19:12.448,9796.078,753,,0,nan,nan,nan,nan,nan,nan,nan,nan,nan,nan,nan,nan,nan,nan,nan,nan,1,1
2026-07-09T16:19:12.487,9796.125,754,,0,nan,nan,nan,nan,nan,nan,nan,nan,nan,nan,nan,nan,nan,nan,nan,nan,1,1
2026-07-09T16:19:12.526,9796.156,755,,0,nan,nan,nan,nan,nan,nan,nan,nan,nan,nan,nan,nan,nan,nan,nan,nan,1,1
2026-07-09T16:19:12.565,9796.187,756,,0,nan,nan,nan,nan,nan,nan,nan,nan,nan,nan,nan,nan,nan,nan,nan,nan,1,1
2026-07-09T16:19:12.602,9796.234,757,,0,nan,nan,nan,nan,nan,nan,nan,nan,nan,nan,nan,nan,nan,nan,nan,nan,1,1
2026-07-09T16:19:12.634,9796.265,758,,0,nan,nan,nan,nan,nan,nan,nan,nan,nan,nan,nan,nan,nan,nan,nan,nan,1,1
2026-07-09T16:19:12.690,9796.312,759,,0,nan,nan,nan,nan,nan,nan,nan,nan,nan,nan,nan,nan,nan,nan,nan,nan,1,1
2026-07-09T16:19:12.727,9796.359,760,,0,nan,nan,nan,nan,nan,nan,nan,nan,nan,nan,nan,nan,nan,nan,nan,nan,1,1
2026-07-09T16:19:12.768,9796.39,761,,0,nan,nan,nan,nan,nan,nan,nan,nan,nan,nan,nan,nan,nan,nan,nan,nan,1,1
